index,political_party,potentional_voters,confidence_interval_95_perc,year,month
0,HLAS  -  SD,"19,4%","16,5%  -  22,2%",2022,november
1,SMER  - $_{ SD}$,"15,6%","13,0% - 18,2%",2022,november
2,$_{Progresívne Slovensko}$,"10,2%","8,0% - 12,4%",2022,november
3,$_{SaS}$,"8,1%","6,1% - 10,0%",2022,november
4,REPUBLIKA,"7,2%","5,3% - 9,0%",2022,november
5,OĽANO -NOVA- KÚ $_{-ZMENA ZDOLA}$,"7,0%","5,1% - 8,8%",2022,november
6,KDH,"6,9%","5,0% - 8,7%",2022,november
7,$_{SME RODINA}$,"6,6%","4,8% - 8,4%",2022,november
8,Aliancia  $_{- Szövetség}$,"5,6%","3,9% - 7,3%",2022,november
9,$_{SNS}$,"3,8%","2,4% - 5,1%",2022,november
10,Kotlebovci  $_{- ĽS Naše Slovensko}$,"3,5%","2,1% - 4,8%",2022,november
11,$_{ZA ĽUDÍ}$,"2,0%","1,0% - 3,0%",2022,november
12,Dobrá voľba a Umiernení,"1,5%","0,6% - 2,4%",2022,november
13,Maďarské fórum / Magyar Fórum,"1,5%","0,6% - 2,4%",2022,november
14,SPOLU -  občianska demokracia,"0,7%",-,2022,november
15,iná strana 3,"0,4%",-,2022,november
0,SMER-SD,"41,4%","37,7% - 45,1%",2010,januar
1,SDKÚ-DS,"15,2%","12,5% - 17,9%",2010,januar
2,KDH,"9,0%","6,8% - 11,1%",2010,januar
3,ĽS-HZDS,"6,5%","4,6% - 8,3%",2010,januar
4,SNS,"6,2%","4,4% - 8,0%",2010,januar
5,SMK,"5,6%","3,9% - 7,3%",2010,januar
6,MOST-HÍD,"5,2%","3,6% - 6,9%",2010,januar
7,SaS,"5,1%","3,5% - 6,8%",2010,januar
8,KSS,"1,8%","0,8% - 2,8%",2010,januar
9,Slobodné fórum,"1,2%","0,4% - 2,1%",2010,januar
10,HZD,"0,8%",,2010,januar
11,SZ,"0,6%",,2010,januar
12,SDĽ,"0,4%",,2010,januar
13,DS,"0,4%",,2010,januar
14,KDS,"0,3%",,2010,januar
15,OKS,"0,2%",,2010,januar
16,LIGA,-,,2010,januar
17,iná,"0,1%",,2010,januar
0,SMER-SD,"33,6%","30,1% - 37,2%",2014,september
1,SIEŤ,"11,2%","8,8% - 13,6%",2014,september
2,KDH,"10,8%","8,5% - 13,1%",2014,september
3,OĽaNO,"7,7%","5,7% - 9,7%",2014,september
4,MOST-HÍD,"6,6%","4,7% - 8,4%",2014,september
5,SDKÚ-DS,"5,8%","4,1% - 7,6%",2014,september
6,SMK,"4,9%","3,3% - 6,6%",2014,september
7,SaS,"4,4%","2,8% - 5,9%",2014,september
8,SNS,"4,2%","2,7% - 5,7%",2014,september
9,KSS,"2,6%",,2014,september
10,ĽS Naše Slovensko,"2,3%",,2014,september
11,NOVA,"2,0%",,2014,september
12,TIP,"1,3%",,2014,september
13,Strana zelených,"0,7%",,2014,september
14,Národ a spravodlivosť - NS,"0,7%",,2014,september
15,Zmena zdola-Demokratická únia Slovenska,"0,6%",,2014,september
16,iná strana,"0,6%",,2014,september
0,SMER-SD,"43,1%","39,3% - 46,9%",2011,september
1,SDKÚ-DS,"12,8%","10,3% - 15,4%",2011,september
2,KDH,"9,0%","6,8% - 11,2%",2011,september
3,SNS,"8,5%","6,4% - 10,7%",2011,september
4,SaS,"8,0%","5,9% - 10,1%",2011,september
5,MOST-HÍD,"5,9%","4,1% - 7,7%",2011,september
6,SMK,"5,3%","3,6% - 7,0%",2011,september
7,ĽS-HZDS,"3,0%","1,7% - 4,3%",2011,september
8,KSS,"1,9%","0,9% - 2,9%",2011,september
9,SDĽ,"0,8%",,2011,september
10,Strana zelených,"0,8%",,2011,september
11,ĽS Naše Slovensko,"0,5%",,2011,september
12,OKS,"0,2%",,2011,september
13,iná strana,"0,2%",,2011,september
0,HLAS  -  SD,"19,2%","16,2%  -  22,1%",2021,november
1,SMER  - $_{ SD}$,"15,0%","12,3% - 17,7%",2021,november
2,$_{SaS}$,"11,5%","9,1% - 14,0%",2021,november
3,OĽANO -NOVA- KÚ $_{-ZMENA ZDOLA}$,"7,9%","5,9% - 10,0%",2021,november
4,$_{Progresívne Slovensko}$,"7,7%","5,6% - 9,7%",2021,november
5,REPUBLIKA,"6,8%","4,9% - 8,8%",2021,november
6,$_{SME RODINA}$,"6,1%","4,3% - 8,0%",2021,november
7,KDH,"6,1%","4,3% - 8,0%",2021,november
8,Kotlebovci  - ĽS Naše Sl $_{ovensko}$,"4,8%","3,2% - 6,4%",2021,november
9,Aliancia  $_{- Szövetség}$,"4,4%","2,9% - 6,0%",2021,november
10,$_{SNS}$,"3,6%","2,2% - 5,0%",2021,november
11,$_{ZA ĽUDÍ}$,"2,1%","1,0% - 3,2%",2021,november
12,DOBRÁ VOĽBA,"2,1%","1,0% - 3,2%",2021,november
13,SPOLU -  občianska  demokracia,"1,0%","0,3% - 1,8%",2021,november
14,iná strana 3,"1,7%",-,2021,november
0,SMER-SD,"41,4%","37,6%- 45,2%",2012,august
1,KDH,"9,4%","7,1%-11,6%",2012,august
2,SaS,"8,3%","6,2%-10,5%",2012,august
3,SDKÚ-DS,"8,1%","6,0%-10,2%",2012,august
4,OĽaNO,"8,0%","5,9%-10,1%",2012,august
5,MOST-HÍD,"6,2%","4,3%-8,0%",2012,august
6,SMK,"4,6%","3,0%-6,2%",2012,august
7,SNS,"4,5%","2,8%-6,0%",2012,august
8,ĽS Naše Slovensko,"2,0%",,2012,august
9,KSS,"1,6%",,2012,august
10,99% - občiansky hlas,"1,5%",,2012,august
11,Zmena zdola-Demokratická únia Slovenska,"1,1%",,2012,august
12,Strana zelených,"1,0%",,2012,august
13,ĽS-HZDS,"0,9%",,2012,august
14,Národ a spravodlivosť - NS,"0,6%",,2012,august
15,SSS - Nory Mojsejovej,"0,6%",,2012,august
16,iná strana,"0,2%",,2012,august
0,SMER-SD,"27,0%","23,9% - 30,2%",2016,august
1,SNS,"14,0%","11,6% - 16,5%",2016,august
2,SaS,"13,7%","11,3% - 16,1%",2016,august
3,OĽANO - NOVA,"9,7%","7,6% - 11,8%",2016,august
4,Kotleba - Ľudová strana Naše Slovensko,"8,9%","6,9% - 10,9%",2016,august
5,SME RODINA - Boris Kollár,"6,9%","5,1% - 8,6%",2016,august
6,MOST-HÍD,"6,1%","4,4% - 7,8%",2016,august
7,KDH,"4,6%","3,1% - 6,1%",2016,august
8,SMK - MKP,"3,6%","2,2% - 4,9%",2016,august
9,SIEŤ,"1,4%",-,2016,august
10,SZS,"1,1%",-,2016,august
11,KSS,"0,9%",-,2016,august
12,SDKÚ-DS,"0,5%",-,2016,august
13,ŠANCA,"0,5%",-,2016,august
14,SKOK,"0,3%",-,2016,august
15,SMS,"0,3%",-,2016,august
16,DS (Demokrati Slovenska),"0,2%",-,2016,august
17,VZDOR,"0,0%",-,2016,august
18,MKDA-MKD SZ,"0,0%",-,2016,august
19,Priama demokracia,"0,0%",-,2016,august
20,iná strana,"0,3%",-,2016,august
0,SMER-SD,"20,9%","18,0% - 25,4%",2018,november
1,SaS,"12,0%","9,7% - 14,3%",2018,november
2,Kotleba - Ľudová strana Naše Slovensko,"9,8%","7,7% - 12,0%",2018,november
3,OĽANO - NOVA,"9,5%","7,5% - 11,6%",2018,november
4,SME RODINA - Boris Kollár,"8,1%","6,2% - 10,1%",2018,november
5,SNS,"8,0%","6,1% - 9,9%",2018,november
6,KDH,"7,7%","5,8% - 9,6%",2018,november
7,MOST-HÍD,"5,9%","4,2% - 7,6%",2018,november
8,Progresívne Slovensko,"5,3%","3,7% - 6,8%",2018,november
9,SPOLU - Občianska demokracia,"5,0%","3,4% - 6,5%",2018,november
10,SMK - MKP,"3,6%","2,3% - 5,0%",2018,november
11,KSS,"1,3%",-,2018,november
12,SZS,"0,9%",-,2018,november
13,Priama demokracia,"0,4%",-,2018,november
14,MKDA-MKDSZ,"0,3%",-,2018,november
15,ŠANCA,"0,3%",-,2018,november
16,SDKÚ-DS,"0,3%",-,2018,november
17,VZDOR,"0,2%",-,2018,november
18,SMS,"0,1%",-,2018,november
19,DS,"0,1%",-,2018,november
20,SKS,"0,0%",-,2018,november
21,SKOK - ELD,"0,0%",-,2018,november
22,iná strana,"0,3%",-,2018,november
0,SMER-SD,"20,5%","17,5% - 23,4%",2018,april
1,SaS,"13,2%","10,7% - 15,7%",2018,april
2,SNS,"10,1%","7,9% - 12,3%",2018,april
3,Kotleba - Ľudová strana Naše Slovensko,"9,3%","7,2% - 11,4%",2018,april
4,OĽANO - NOVA,"9,1%","7,0% - 11,2%",2018,april
5,SME RODINA - Boris Kollár,"9,1%","7,0% - 11,2%",2018,april
6,KDH,"6,8%","5,0% - 8,7%",2018,april
7,MOST-HÍD,"5,8%","4,1% - 7,6%",2018,april
8,Progresívne Slovensko,"3,6%","2,3% - 5,0%",2018,april
9,SMK - MKP,"3,3%","2,0% - 4,6%",2018,april
10,SPOLU - Občianska demokracia,"2,8%","1,6% - 4,0%",2018,april
11,KSS,"1,7%",-,2018,april
12,ŠANCA,"1,2%",-,2018,april
13,SZS,"1,0%",-,2018,april
14,SDKÚ-DS,"0,6%",-,2018,april
15,SIEŤ,"0,6%",-,2018,april
16,Priama demokracia,"0,4%",-,2018,april
17,VZDOR,"0,3%",-,2018,april
18,DS,"0,2%",-,2018,april
19,SMS,"0,1%",-,2018,april
20,MKDA-MKDSZ,"0,1%",-,2018,april
21,SKOK - ELD,"0,1%",-,2018,april
22,iná strana,"0,0%",-,2018,april
0,SMER-SD,"38,1%","34,5% - 41,7%",2014,februar
1,KDH,"12,7%","10,3% - 15,2%",2014,februar
2,OĽaNO,"8,0%","6,0% - 10,0%",2014,februar
3,SDKÚ-DS,"7,2%","5,2% - 9,1%",2014,februar
4,MOST-HÍD,"6,2%","4,4% - 7,9%",2014,februar
5,SMK,"5,9%","4,1% - 7,6%",2014,februar
6,SaS,"5,4%","3,8% - 7,1%",2014,februar
7,NOVA,"4,0%","2,6% - 5,5%",2014,februar
8,SNS,"3,3%","2,0% - 4,6%",2014,februar
9,ĽS Naše Slovensko,"3,1%","1,9% - 4,4%",2014,februar
10,KSS,"2,1%",,2014,februar
11,Národ a spravodlivosť - NS,"1,6%",,2014,februar
12,Strana zelených,"0,9%",,2014,februar
13,99% - občiansky hlas,"0,7%",,2014,februar
14,Zmena zdola-Demokratická únia Slovenska,"0,4%",,2014,februar
15,iná strana,"0,4%",,2014,februar
0,SMER-SD,"46,3%","42,6% - 50,0%",2011,jun
1,SDKÚ-DS,"13,4%","10,9% - 15,9%",2011,jun
2,KDH,"10,0%","7,8% - 12,3%",2011,jun
3,MOST-HÍD,"7,1%","5,2% - 8,9%",2011,jun
4,SaS,"6,7%","4,9% - 8,6%",2011,jun
5,SMK,"5,7%","4,0% - 7,4%",2011,jun
6,SNS,"5,3%","3,6% - 7,0%",2011,jun
7,ĽS-HZDS,"2,7%","1,5% - 3,9%",2011,jun
8,KSS,"0,9%",,2011,jun
9,Strana zelených,"0,4%",,2011,jun
10,ĽS Naše Slovensko,"0,4%",,2011,jun
11,OKS,"0,3%",,2011,jun
12,SDĽ,"0,3%",,2011,jun
13,iná strana,"0,5%",,2011,jun
0,SMER-SD,"21,7%","18,8% - 24,6%",2018,december
1,SaS,"13,3%","10,9% - 15,6%",2018,december
2,OĽANO - NOVA,"10,5%","8,3% - 12,6%",2018,december
3,Kotleba - Ľudová strana Naše Slovensko,"9,2%","7,2% - 11,3%",2018,december
4,SNS,"9,2%","7,2% - 11,3%",2018,december
5,SME RODINA - Boris Kollár,"9,0%","7,0% - 11,0%",2018,december
6,KDH,"6,5%","4,8% - 8,2%",2018,december
7,MOST-HÍD,"5,2%","3,6% - 6,8%",2018,december
8,Progresívne Slovensko,"5,1%","3,6% - 6,7%",2018,december
9,SPOLU - Občianska demokracia,"4,1%","2,7% - 5,5%",2018,december
10,SMK - MKP,"3,3%","2,0% - 4,6%",2018,december
11,SZS,"0,9%",-,2018,december
12,KSS,"0,5%",-,2018,december
13,SDKÚ-DS,"0,3%",-,2018,december
14,ŠANCA,"0,3%",-,2018,december
15,DS,"0,2%",-,2018,december
16,MKDA-MKDSZ,"0,2%",-,2018,december
17,SKOK - ELD,"0,2%",-,2018,december
18,Priama demokracia,"0,1%",-,2018,december
19,SMS,"0,1%",-,2018,december
20,SKS,"0,1%",-,2018,december
21,VZDOR,"0,0%",-,2018,december
22,iná strana,"0,0%",-,2018,december
0,SMER-SD,"26,4%","23,1% - 29,7%",2017,jul
1,SaS,"14,2%","11,6% - 16,8%",2017,jul
2,SNS,"10,3%","8,0% - 12,5%",2017,jul
3,OĽANO - NOVA,"9,2%","7,1% - 11,4%",2017,jul
4,Kotleba - Ľudová strana Naše Slovensko,"9,1%","6,9% - 11,2%",2017,jul
5,SME RODINA - Boris Kollár,"8,2%","6,2% - 10,3%",2017,jul
6,KDH,"6,3%","4,5% - 8,1%",2017,jul
7,MOST-HÍD,"6,2%","4,4% - 8,0%",2017,jul
8,SMK - MKP,"4,0%","2,5% - 5,4%",2017,jul
9,SZS,"1,5%",-,2017,jul
10,KSS,"1,2%",-,2017,jul
11,SIEŤ,"0,7%",-,2017,jul
12,SDKÚ-DS,"0,6%",-,2017,jul
13,SKOK,"0,6%",-,2017,jul
14,ŠANCA,"0,6%",-,2017,jul
15,MKDA-MKDSZ,"0,3%",-,2017,jul
16,VZDOR,"0,3%",-,2017,jul
17,DS,"0,1%",-,2017,jul
18,Priama demokracia,"0,1%",-,2017,jul
19,SMS,"0,1%",-,2017,jul
20,iná strana,"0,0%",-,2017,jul
0,SMER-SD,"40,0%","36,5% - 43,6%",2010,oktober
1,SDKÚ-DS,"18,0%","15,2% - 20,8%",2010,oktober
2,SaS,"8,5%","6,5% - 10,6%",2010,oktober
3,SNS,"7,8%","5,8% - 9,7%",2010,oktober
4,KDH,"7,4%","5,5% - 9,3%",2010,oktober
5,MOST-HÍD,"6,8%","4,9% - 8,6%",2010,oktober
6,SMK,"4,6%","3,1% - 6,1%",2010,oktober
7,ĽS-HZDS,"3,7%","2,3% - 5,1%",2010,oktober
8,SDĽ,"1,4%","0,6% - 2,3%",2010,oktober
9,KSS,"0,9%",,2010,oktober
10,iná strana,"0,9%",,2010,oktober
0,SMER-SD,"41,7%","37,9% - 45,5%",2011,jul
1,SDKÚ-DS,"12,6%","10,1% - 15,2%",2011,jul
2,KDH,"11,7%","9,2% - 14,1%",2011,jul
3,MOST-HÍD,"6,9%","4,9% - 8,9%",2011,jul
4,SaS,"6,1%","4,3% - 8,0%",2011,jul
5,SMK,"5,8%","4,0% - 7,6%",2011,jul
6,SNS,"5,8%","4,0% - 7,6%",2011,jul
7,ĽS-HZDS,"3,3%","1,9% - 4,7%",2011,jul
8,SDĽ,"2,2%","1,0% - 3,3%",2011,jul
9,KSS,"1,7%","0,7% - 2,7%",2011,jul
10,ĽS Naše Slovensko,"0,7%",,2011,jul
11,Strana zelených,"0,6%",,2011,jul
12,OKS,"0,2%",,2011,jul
13,iná strana,"0,7%",,2011,jul
0,SMER-SD,"35,5%","31,7% - 39,2%",2015,februar
1,SIEŤ,"11,0%","8,6% - 13,4%",2015,februar
2,KDH,"10,9%","8,4% - 13,3%",2015,februar
3,MOST-HÍD,"7,0%","5,0% - 9,0%",2015,februar
4,OĽaNO,"6,0%","4,2% - 7,9%",2015,februar
5,SNS,"5,7%","3,9% - 7,5%",2015,februar
6,SMK,"4,6%","2,9% - 6,2%",2015,februar
7,SaS,"4,4%","2,8% - 6,0%",2015,februar
8,NOVA,"3,3%",-,2015,februar
9,TIP,"2,8%",-,2015,februar
10,SDKÚ-DS,"2,8%",-,2015,februar
11,ĽS Naše Slovensko,"1,5%",-,2015,februar
12,Národ a spravodlivosť - NS,"1,3%",-,2015,februar
13,KSS,"1,2%",-,2015,februar
14,Strana zelených,"0,9%",-,2015,februar
15,Zmena zdola-Demokratická únia Slovenska,"0,4%",-,2015,februar
16,iná strana,"0,7%",-,2015,februar
0,SMER-SD,"39,0%","35,3% - 42,6%",2013,april
1,KDH,"10,4%","8,1% - 12,7%",2013,april
2,OĽaNO,"8,4%","6,3% - 10,5%",2013,april
3,SDKÚ-DS,"8,1%","6,0% - 10,2%",2013,april
4,SaS$^{1}$,"6,5%","4,7% - 8,4%",2013,april
5,MOST-HÍD,"5,2%","3,5% - 6,9%",2013,april
6,SNS,"4,9%","3,2% - 6,5%",2013,april
7,Nová väčšina (Daniel Lipšic),"4,0%","2,5% - 5,5%",2013,april
8,SMK,"3,3%","1,9% - 4,6%",2013,april
9,KSS,"2,2%",,2013,april
10,Národ a spravodlivosť - NS,"1,5%",,2013,april
11,Strana zelených,"1,4%",,2013,april
12,99% - občiansky hlas,"1,3%",,2013,april
13,ĽS Naše Slovensko,"1,3%",,2013,april
14,ĽS-HZDS,"1,1%",,2013,april
15,Zmena zdola-Demokratická únia Slovenska,"0,9%",,2013,april
16,iná strana,"0,5%",,2013,april
0,SMER-SD (11),"41,8%","38,2%- 45,3%",2012,januar
1,KDH (2),"9,3%","7,2%-11,4%",2012,januar
2,SDKÚ-DS (22),"8,3%","6,3%-10,3%",2012,januar
3,MOST-HÍD (16),"6,4%","4,7%-8,2%",2012,januar
4,SaS (6),"6,4%","4,7%-8,2%",2012,januar
5,OĽ - Nezávislé osobnosti (5),"5,2%","3,6%-6,8%",2012,januar
6,SNS (4),"4,8%","3,3%-6,4%",2012,januar
7,99% občiansky hlas (17),"4,6%","3,1%-6,1%",2012,januar
8,SMK (24),"3,4%","2,1%-4,7%",2012,januar
9,Strana slobodné slovo - Nory Mojsejovej (25),"1,6%",,2012,januar
10,ĽS-HZDS (18),"1,5%",,2012,januar
11,KSS (14),"1,4%",,2012,januar
12,Strana rómskej únie na Slovensku (15),"0,7%",,2012,januar
13,SDĽ (3),"0,6%",,2012,januar
14,Zelení (1),"0,5%",,2012,januar
15,ĽS Naše Slovensko (10),"0,5%",,2012,januar
16,Národ a spravodlivosť - naša strana (13),"0,4%",,2012,januar
17,Právo a spravodlivosť (7),"0,4%",,2012,januar
18,Náš kraj (8),"0,4%",,2012,januar
19,Robíme to pre deti - SF (20),"0,4%",,2012,januar
20,Strana živnostníkov Slovenska (26),"0,4%",,2012,januar
21,Strana zelených (9),"0,4%",,2012,januar
22,Strana občanov Slovenska (23),"0,4%",,2012,januar
23,Zmena zdola-Demokratická únia Slovenska (12),"0,1%",,2012,januar
24,Obyčajní ľudia (21),"0,1%",,2012,januar
25,Strana + 1 hlas (19),"0,0%",,2012,januar
0,SMER-SD,"26,0%","22,7% - 29,3%",2017,august
1,SaS,"14,0%","11,5% - 16,6%",2017,august
2,Kotleba - Ľudová strana Naše Slovensko,"10,4%","8,1% - 12,6%",2017,august
3,OĽANO - NOVA,"9,6%","7,4% - 11,8%",2017,august
4,SME RODINA - Boris Kollár,"9,1%","6,9% - 11,2%",2017,august
5,SNS,"8,7%","6,6% - 10,9%",2017,august
6,KDH,"6,4%","4,6% - 8,2%",2017,august
7,MOST-HÍD,"6,0%","4,2% - 7,8%",2017,august
8,SMK - MKP,"4,0%","2,5% - 5,5%",2017,august
9,SZS,"1,6%",-,2017,august
10,KSS,"0,9%",-,2017,august
11,SDKÚ-DS,"0,8%",-,2017,august
12,SMS,"0,8%",-,2017,august
13,SIEŤ,"0,7%",-,2017,august
14,ŠANCA,"0,4%",-,2017,august
15,SKOK,"0,2%",-,2017,august
16,MKDA-MKDSZ,"0,2%",-,2017,august
17,DS,"0,1%",-,2017,august
18,Priama demokracia,"0,1%",-,2017,august
19,VZDOR,"0,0%",-,2017,august
20,iná strana,"0,0%",-,2017,august
0,SMER-SD,"35,3%","31,9% - 38,8%",2010,maj
1,SDKÚ-DS,"14,0%","11,5% - 16,5%",2010,maj
2,SaS,"13,3%","10,8% - 15,8%",2010,maj
3,KDH,"8,3%","6,3% - 10,3%",2010,maj
4,SNS,"6,1%","4,3% - 7,8%",2010,maj
5,SMK,"5,9%","4,2% - 7,6%",2010,maj
6,MOST-HÍD,"5,6%","4,0% - 7,3%",2010,maj
7,ĽS-HZDS,"5,1%","3,5% - 6,6%",2010,maj
8,KSS,"1,6%",,2010,maj
9,SDĽ,"0,8%",,2010,maj
10,Únia - Strana pre  Slovensko,"0,8%",,2010,maj
11,Paliho Kapurková,"0,7%",,2010,maj
12,ND (Nová demokracia),"0,7%",,2010,maj
13,EDS (Európska demokratická strana),"0,7%",,2010,maj
14,ZRS (Združenie robotníkov Slovenska),"0,6%",,2010,maj
15,Ľudová strana Naše  Slovensko,"0,4%",,2010,maj
16,,"0,1%",,2010,maj
17,SRK (Strana rómskej koalície),,,2010,maj
18,AZEN (Aliancia za Európu národov),-  $^{1}$,,2010,maj
0,SMER-SD,"34,6%","31,1% - 38,2%",2015,august
1,SIEŤ,"11,9%","9,5% - 14,3%",2015,august
2,KDH,"8,8%","6,7% - 11,0%",2015,august
3,"koalícia OĽaNO, NOVA","8,1%","6,1% - 10,2%",2015,august
4,MOST-HÍD,"7,5%","5,6% - 9,5%",2015,august
5,SNS,"7,0%","5,1% - 8,9%",2015,august
6,SaS,"5,1%","3,4% - 6,7%",2015,august
7,SMK,"4,2%","2,7% - 5,7%",2015,august
8,TIP,"2,2%",-,2015,august
9,SDKÚ-DS,"2,2%",-,2015,august
10,ĽS NS (Ľudová strana Naše Slovensko),"2,2%",-,2015,august
11,KSS,"1,7%",-,2015,august
12,Šanca,"1,6%",-,2015,august
13,SKOK,"1,2%",-,2015,august
14,Strana zelených,"0,9%",-,2015,august
15,Národ a Spravodlivosť,"0,3%",-,2015,august
16,iná strana,"0,5%",-,2015,august
17,OĽaNO,-,-,2015,august
18,NOVA,-,-,2015,august
0,HLAS  -  SD,"20,8%","17,8%  -  23,8%",2023,februar
1,SMER  - $_{ SD}$,"14,6%","12,0% - 17,3%",2023,februar
2,$_{Progresívne Slovensko}$,"11,0%","8,7% - 13,4%",2023,februar
3,REPUBLIKA,"8,5%","6,4% - 10,6%",2023,februar
4,$_{SME RODINA}$,"7,7%","5,7% - 9,6%",2023,februar
5,KDH,"6,9%","5,0% - 8,8%",2023,februar
6,$_{OĽANO}$,"6,4%","4,6% - 8,3%",2023,februar
7,$_{SaS}$,"5,3%","3,6% - 7,0%",2023,februar
8,Aliancia  $_{- Szövetség}$,"4,5%","2,9% - 6,0%",2023,februar
9,$_{SNS}$,"3,6%","2,2% - 5,0%",2023,februar
10,Kotlebovci  $_{- ĽS Naše Slovensko}$,"2,9%","1,7% - 4,2%",2023,februar
11,Modrá koalícia,"2,0%","1,0% - 3,0%",2023,februar
12,Maďarské fórum / Magyar Fórum,"1,9%","0,9% - 2,9%",2023,februar
13,Dobrá voľba a Umiernení,"1,4%","0,5% - 2,3%",2023,februar
14,$_{ZA ĽUDÍ}$,"1,0%","0,3% - 1,8%",2023,februar
15,iná strana 3,"1,5%",-,2023,februar
0,SMER-SD,"21,7%","18,8% - 24,6%",2019,september
1,koalícia strán Progresívne Slovensko a SPOLU,"13,3%","10,9% - 15,7%",2019,september
2,Kotleba - Ľudová strana Naše Slovensko,"10,6%","8,4% - 12,8%",2019,september
3,SME RODINA - Boris Kollár,"7,2%","5,4% - 9,0%",2019,september
4,KDH,"6,9%","5,1% - 8,7%",2019,september
5,SNS,"6,8%","5,0% - 8,6%",2019,september
6,OĽANO,"6,8%","5,0% - 8,6%",2019,september
7,Za ľudí,"6,5%","4,7% - 8,3%",2019,september
8,SaS,"6,4%","4,6% - 8,2%",2019,september
9,MOST-HÍD,"4,1%","2,7% - 5,5%",2019,september
10,SMK - MKP,"3,3%","2,1% - 4,5%",2019,september
11,Dobrá voľba,"2,1%",-,2019,september
12,SZS,"1,0%",-,2019,september
13,iná strana $^{3}$,"3,3%",-,2019,september
0,SMER-SD,"22,4%","19,2% - 25,5%",2019,marec
1,Kotleba - Ľudová strana Naše Slovensko,"11,8%","9,4% - 14,2%",2019,marec
2,SaS,"11,4%","9,0% - 13,8%",2019,marec
3,koalícia strán Progresívne Slovensko a SPOLU - OD,"9,1%","6,9% - 11,2%",2019,marec
4,SME RODINA - Boris Kollár,"9,0%","6,8% - 11,1%",2019,marec
5,OĽANO - NOVA,"8,3%","6,3% - 10,4%",2019,marec
6,SNS,"7,9%","5,9% - 9,9%",2019,marec
7,KDH,"7,5%","5,6% - 9,5%",2019,marec
8,MOST-HÍD,"4,5%","2,9% - 6,0%",2019,marec
9,SMK - MKP,"3,0%","1,8% - 4,3%",2019,marec
10,KSS,"1,2%",-,2019,marec
11,SZS,"1,0%",-,2019,marec
12,Priama demokracia,"0,8%",-,2019,marec
13,SDKÚ-DS,"0,4%",-,2019,marec
14,VZDOR,"0,3%",-,2019,marec
15,DS,"0,3%",-,2019,marec
16,ŠANCA,"0,2%",-,2019,marec
17,SKOK - ELD,"0,2%",-,2019,marec
18,SMS,"0,2%",-,2019,marec
19,SKS,"0,2%",-,2019,marec
20,MKDA-MKDSZ,"0,0%",-,2019,marec
21,iná strana,"0,3%",-,2019,marec
0,SMER-SD,"42,3%","38,6%- 46,1%",2012,jun
1,KDH,"10,8%","8,4%-13,1%",2012,jun
2,OĽaNO,"8,5%","6,4%-10,6%",2012,jun
3,MOST-HÍD,"7,4%","5,4%-9,4%",2012,jun
4,SaS,"7,1%","5,2%-9,0%",2012,jun
5,SDKÚ-DS,"6,5%","4,6%-8,3%",2012,jun
6,SNS,"5,0%","3,3%-6,6%",2012,jun
7,SMK,"3,2%","1,9%-4,6%",2012,jun
8,KSS,"2,0%",,2012,jun
9,99% - občiansky hlas,"1,3%",,2012,jun
10,Strana zelených,"1,3%",,2012,jun
11,ĽS-HZDS,"1,2%",,2012,jun
12,Zmena zdola-Demokratická únia Slovenska,"1,0%",,2012,jun
13,Národ a spravodlivosť - NS,"0,8%",,2012,jun
14,ĽS Naše Slovensko,"0,7%",,2012,jun
15,SSS - Nory Mojsejovej,"0,7%",,2012,jun
16,iná strana,"0,2%",,2012,jun
0,HLAS - SD,"18,7%","15,8% - 21,5%",2020,oktober
1,OĽANO-NOVA-KÚ-ZMENA ZDOLA,"15,1%","12,5% - 17,7%",2020,oktober
2,SaS,"10,7%","8,5% - 13,0%",2020,oktober
3,SMER - SD,"10,5%","8,3% - 12,8%",2020,oktober
4,Kotlebovci - ĽS Naše Slovensko,"9,8%","7,6% - 12,0%",2020,oktober
5,SME RODINA,"7,3%","5,4% - 9,2%",2020,oktober
6,Progresívne Slovensko,"5,4%","3,7% - 7,1%",2020,oktober
7,KDH,"5,2%","3,6% - 6,8%",2020,oktober
8,ZA ĽUDÍ,"4,8%","3,2% - 6,4%",2020,oktober
9,SMK-MKP,"3,2%","1,9% - 4,4%",2020,oktober
10,MOST - HÍD,"2,4%","1,3% - 3,5%",2020,oktober
11,DOBRÁ VOĽBA,"2,1%","1,0% - 3,1%",2020,oktober
12,SNS,"2,1%","1,0% - 3,1%",2020,oktober
13,VLASŤ,"1,6%","0,7% - 2,5%",2020,oktober
14,iná strana $^{3}$,"1,1%",-,2020,oktober
0,SMER-SD,"35,5%","31,9% - 39,1%",2013,oktober
1,KDH,"12,8%","10,3% - 15,4%",2013,oktober
2,OĽaNO,"9,7%","7,5% - 12,0%",2013,oktober
3,SDKÚ-DS,"8,1%","6,0% - 10,1%",2013,oktober
4,NOVA,"5,9%","4,1% - 7,7%",2013,oktober
5,MOST-HÍD,"5,8%","4,0% - 7,6%",2013,oktober
6,SMK,"5,1%","3,4% - 6,8%",2013,oktober
7,SaS,"5,0%","3,3% - 6,7%",2013,oktober
8,SNS,"3,5%","2,1% - 4,8%",2013,oktober
9,ĽS Naše Slovensko,"2,2%",,2013,oktober
10,KSS,"2,0%",,2013,oktober
11,99% - občiansky hlas,"1,1%",,2013,oktober
12,Národ a spravodlivosť - NS,"1,0%",,2013,oktober
13,Strana zelených,"0,9%",,2013,oktober
14,Zmena zdola-Demokratická únia Slovenska,"0,8%",,2013,oktober
15,ĽS-HZDS,"0,5%",,2013,oktober
16,iná strana,"0,1%",,2013,oktober
0,HLAS  -  SD,"19,2%","16,2%  -  22,1%",2021,december
1,SMER  - $_{ SD}$,"15,0%","12,3% - 17,7%",2021,december
2,$_{SaS}$,"11,5%","9,1% - 14,0%",2021,december
3,OĽANO -NOVA- KÚ $_{-ZMENA ZDOLA}$,"7,9%","5,9% - 10,0%",2021,december
4,$_{Progresívne Slovensko}$,"7,7%","5,6% - 9,7%",2021,december
5,REPUBLIKA,"6,8%","4,9% - 8,8%",2021,december
6,$_{SME RODINA}$,"6,1%","4,3% - 8,0%",2021,december
7,KDH,"6,1%","4,3% - 8,0%",2021,december
8,Kotlebovci  - ĽS Naše Sl $_{ovensko}$,"4,8%","3,2% - 6,4%",2021,december
9,Aliancia  $_{- Szövetség}$,"4,4%","2,9% - 6,0%",2021,december
10,$_{SNS}$,"3,6%","2,2% - 5,0%",2021,december
11,$_{ZA ĽUDÍ}$,"2,1%","1,0% - 3,2%",2021,december
12,DOBRÁ VOĽBA,"2,1%","1,0% - 3,2%",2021,december
13,SPOLU -  občianska  demokracia,"1,0%","0,3% - 1,8%",2021,december
14,iná strana 3,"1,7%",-,2021,december
0,SMER-SD,"40,4%","36,9% - 43,9%",2010,december
1,SDKÚ-DS,"15,3%","12,7% - 17,8%",2010,december
2,SaS,"9,5%","7,4% - 11,6%",2010,december
3,KDH,"8,7%","6,7% - 10,8%",2010,december
4,MOST-HÍD,"7,0%","5,2% - 8,8%",2010,december
5,SNS,"5,5%","3,9% - 7,2%",2010,december
6,SMK,"5,0%","3,5% - 6,6%",2010,december
7,ĽS-HZDS,"3,8%","2,4% - 5,2%",2010,december
8,KSS,"1,9%","0,9% - 2,9%",2010,december
9,Strana zelených,"1,3%","0,5% - 2,1%",2010,december
10,SDĽ,"0,8%",-,2010,december
11,iná strana,"0,8% $^{1}$",-,2010,december
0,SMER-SD,"36,8%","33,0% - 40,6%",2013,marec
1,KDH,"10,2%","7,8% - 12,6%",2013,marec
2,SDKÚ-DS,"9,4%","7,1% - 11,7%",2013,marec
3,OĽaNO,"8,3%","6,1% - 10,5%",2013,marec
4,SaS,"6,8%","4,8% - 8,7%",2013,marec
5,MOST-HÍD,"5,6%","3,8% - 7,4%",2013,marec
6,Nová väčšina (Daniel Lipšic),"5,1%","3,4% - 6,8%",2013,marec
7,SMK,"4,3%","2,7% - 5,9%",2013,marec
8,SNS,"3,7%","2,2% - 5,2%",2013,marec
9,KSS,"2,2%",,2013,marec
10,Strana zelených,"1,7%",,2013,marec
11,99% - občiansky hlas,"1,6%",,2013,marec
12,ĽS-HZDS,"1,1%",,2013,marec
13,Zmena zdola-Demokratická únia Slovenska,"1,1%",,2013,marec
14,Národ a spravodlivosť - NS,"1,0%",,2013,marec
15,ĽS Naše Slovensko,"0,8%",,2013,marec
16,iná strana,"0,3%",,2013,marec
0,HLAS  -  SD,"18,5%","15,4%  -  21,5%",2021,september
1,SMER  - $_{ SD}$,"14,4%","11,6% - 17,1%",2021,september
2,$_{SaS}$,"11,7%","9,2% - 14,2%",2021,september
3,OĽANO -NOVA- KÚ $_{-ZMENA ZDOLA}$,"8,2%","6,1% - 10,4%",2021,september
4,$_{Progresívne Slovensko}$,"7,0%","5,0% - 9,1%",2021,september
5,REPUBLIKA,"6,8%","4,8% - 8,8%",2021,september
6,$_{SME RODINA}$,"6,7%","4,7% - 8,6%",2021,september
7,KDH,"6,1%","4,2% - 8,0%",2021,september
8,Aliancia  - Szövetség 3,"5,5%","3,7% - 7,3%",2021,september
9,Kotlebovci  - ĽS Naše Sl $_{ovensko}$,"4,6%","3,0% - 6,2%",2021,september
10,$_{SNS}$,"3,6%","2,1% - 5,0%",2021,september
11,$_{ZA ĽUDÍ}$,"2,2%","1,1% - 3,4%",2021,september
12,DOBRÁ VOĽBA,"2,1%","1,0% - 3,3%",2021,september
13,SPOLU -  občianska  demokracia,"1,1%","0,3% - 1,9%",2021,september
14,iná strana 4,"1,5%",-,2021,september
0,SMER-SD,"43,2%","39,5% - 46,9%",2011,februar
1,SDKÚ-DS,"15,2%","12,5% - 17,9%",2011,februar
2,KDH,"10,2%","7,9% - 12,4%",2011,februar
3,SaS,"9,1%","7,0% - 11,3%",2011,februar
4,MOST-HÍD,"6,0%","4,2% - 7,8%",2011,februar
5,SNS,"5,4%","3,7% - 7,0%",2011,februar
6,SMK,"4,6%","3,0% - 6,1%",2011,februar
7,ĽS-HZDS,"2,2%","1,1% - 3,2%",2011,februar
8,KSS,"2,0%","1,0% - 3,0%",2011,februar
9,SDĽ,"1,0%","0,3% - 1,8%",2011,februar
10,Strana zelených,"0,7%",-,2011,februar
11,ĽS Naše Slovensko,"0,4%",-,2011,februar
12,iná strana,-,-,2011,februar
0,SMER-SD,"40,8%","36,8% - 44,7%",2013,maj
1,KDH,"10,8%","8,3% - 13,2%",2013,maj
2,OĽaNO,"7,8%","5,6% - 9,9%",2013,maj
3,SDKÚ-DS,"7,3%","5,3% - 9,4%",2013,maj
4,MOST-HÍD,"6,1%","4,2% - 8,0%",2013,maj
5,Nová väčšina (Daniel Lipšic),"5,1%","3,3% - 6,8%",2013,maj
6,SNS$^{1}$,"4,5%","2,9% - 6,2%",2013,maj
7,SMK,"4,5%","2,9% - 6,2%",2013,maj
8,SaS,"3,9%","2,3% - 5,4%",2013,maj
9,ĽS-HZDS,"1,8%",,2013,maj
10,KSS,"1,7%",,2013,maj
11,99% - občiansky hlas,"1,3%",,2013,maj
12,Národ a spravodlivosť - NS,"1,2%",,2013,maj
13,ĽS Naše Slovensko,"1,0%",,2013,maj
14,Zmena zdola-Demokratická únia Slovenska,"1,0%",,2013,maj
15,Strana zelených,"0,8%",,2013,maj
16,iná strana,"0,4%",,2013,maj
0,SMER-SD (11),"41,8%","38,2%- 45,3%",2012,marec
1,KDH (2),"9,3%","7,2%-11,4%",2012,marec
2,SDKÚ-DS (22),"8,3%","6,3%-10,3%",2012,marec
3,MOST-HÍD (16),"6,4%","4,7%-8,2%",2012,marec
4,SaS (6),"6,4%","4,7%-8,2%",2012,marec
5,OĽ - Nezávislé osobnosti (5),"5,2%","3,6%-6,8%",2012,marec
6,SNS (4),"4,8%","3,3%-6,4%",2012,marec
7,99% občiansky hlas (17),"4,6%","3,1%-6,1%",2012,marec
8,SMK (24),"3,4%","2,1%-4,7%",2012,marec
9,Strana slobodné slovo - Nory Mojsejovej (25),"1,6%",,2012,marec
10,ĽS-HZDS (18),"1,5%",,2012,marec
11,KSS (14),"1,4%",,2012,marec
12,Strana rómskej únie na Slovensku (15),"0,7%",,2012,marec
13,SDĽ (3),"0,6%",,2012,marec
14,Zelení (1),"0,5%",,2012,marec
15,ĽS Naše Slovensko (10),"0,5%",,2012,marec
16,Národ a spravodlivosť - naša strana (13),"0,4%",,2012,marec
17,Právo a spravodlivosť (7),"0,4%",,2012,marec
18,Náš kraj (8),"0,4%",,2012,marec
19,Robíme to pre deti - SF (20),"0,4%",,2012,marec
20,Strana živnostníkov Slovenska (26),"0,4%",,2012,marec
21,Strana zelených (9),"0,4%",,2012,marec
22,Strana občanov Slovenska (23),"0,4%",,2012,marec
23,Zmena zdola-Demokratická únia Slovenska (12),"0,1%",,2012,marec
24,Obyčajní ľudia (21),"0,1%",,2012,marec
25,Strana + 1 hlas (19),"0,0%",,2012,marec
0,SMER-SD,"36,9%","33,2% - 40,5%",2013,januar
1,KDH,"10,9%","8,6% - 13,3%",2013,januar
2,SDKÚ-DS,"8,8%","6,7% - 10,9%",2013,januar
3,OĽaNO,"8,8%","6,7% - 10,9%",2013,januar
4,SaS,"6,9%","5,0% - 8,8%",2013,januar
5,MOST-HÍD,"5,2%","3,6% - 6,9%",2013,januar
6,Nová väčšina (Daniel Lipšic),"5,0%","3,4% - 6,6%",2013,januar
7,SNS,"4,8%","3,2% - 6,4%",2013,januar
8,SMK,"4,3%","2,8% - 5,9%",2013,januar
9,KSS,"2,2%",,2013,januar
10,99% - občiansky hlas,"1,4%",,2013,januar
11,Strana zelených,"1,2%",,2013,januar
12,ĽS Naše Slovensko,"1,0%",,2013,januar
13,ĽS-HZDS,"0,9%",,2013,januar
14,Národ a spravodlivosť - NS,"0,7%",,2013,januar
15,Zmena zdola-Demokratická únia Slovenska,"0,5%",,2013,januar
16,iná strana,"0,5%",,2013,januar
0,SMER-SD,"34,6%","30,9% - 38,3%",2013,februar
1,KDH$^{1}$,"10,9%","8,5% - 13,3%",2013,februar
2,OĽaNO,"8,9%","6,7% - 11,2%",2013,februar
3,SDKÚ-DS,"8,9%","6,7% - 11,2%",2013,februar
4,SaS,"7,7%","5,6% - 9,7%",2013,februar
5,Nová väčšina (Daniel Lipšic),"5,4%","3,6% - 7,1%",2013,februar
6,MOST-HÍD,"5,1%","3,4% - 6,8%",2013,februar
7,SNS,"4,1%","2,6% - 5,7%",2013,februar
8,SMK,"3,8%","2,3% - 5,3%",2013,februar
9,KSS,"3,0%",,2013,februar
10,ĽS Naše Slovensko,"1,4%",,2013,februar
11,ĽS-HZDS,"1,4%",,2013,februar
12,99% - občiansky hlas,"1,3%",,2013,februar
13,Strana zelených,"1,1%",,2013,februar
14,Národ a spravodlivosť - NS,"1,0%",,2013,februar
15,Zmena zdola-Demokratická únia Slovenska,"0,8%",,2013,februar
16,iná strana,"0,6%",,2013,februar
0,HLAS  -  SD,"17,8%","14,9%  -  20,6%",2022,januar
1,SMER  - $_{ SD}$,"16,3%","13,5% - 19,0%",2022,januar
2,$_{SaS}$,"11,1%","8,8% - 13,5%",2022,januar
3,$_{Progresívne Slovensko}$,"8,3%","6,3% - 10,4%",2022,januar
4,OĽANO -NOVA- KÚ $_{-ZMENA ZDOLA}$,"8,0%","6,0% - 10,1%",2022,januar
5,REPUBLIKA,"7,8%","5,8% - 9,8%",2022,januar
6,$_{SME RODINA}$,"6,1%","4,3% - 7,9%",2022,januar
7,KDH,"5,8%","4,0% - 7,5%",2022,januar
8,Aliancia  $_{- Szövetség}$,"4,4%","2,9% - 5,9%",2022,januar
9,Kotlebovci  $_{- ĽS Naše Slovensko}$,"4,3%","2,8% - 5,8%",2022,januar
10,$_{SNS}$,"3,9%","2,4% - 5,3%",2022,januar
11,$_{ZA ĽUDÍ}$,"3,0%","1,7% - 4,3%",2022,januar
12,Dobrá voľba a Umiernení,"1,0%","0,3% - 1,7%",2022,januar
13,SPOLU -  občianska demokracia,"0,7%",-,2022,januar
14,Maďarské fórum / Magyar Fórum,"0,7%",-,2022,januar
15,iná strana 3,"0,8%",-,2022,januar
0,SMER  - $_{ SD}$,"23,8%","20,7% - 26,9%",2023,november
1,$_{Progresívne Slovensko}$,"17,9%","15,1% - 20,7%",2023,november
2,HLAS  -  SD,"14,6%","12,0%  -  17,2%",2023,november
3,KDH,"7,5%","5,6% - 9,4%",2023,november
4,$_{SaS}$,"6,4%","4,6% - 8,2%",2023,november
5,"Koalícia Sloven sko,  Kresťanská únia  $_{a Za ľudí}$","6,4%","4,6% - 8,2%",2023,november
6,$_{SNS}$,"5,8%","4,1% - 7,5%",2023,november
7,REPUBLIKA,"5,3%","3,7% - 6,9%",2023,november
8,Aliancia  $_{- Szövetség}$,"5,0%","3,4% - 6,6%",2023,november
9,Demokrati,"2,9%","1,7% - 4,1%",2023,november
10,$_{SME RODINA}$,"2,8%","1,6% - 4,0%",2023,november
11,Kotlebovci  - ĽS Naše  $_{Slovensko}$,"1,2%","0,4% - 2,0%",2023,november
12,iná strana 3,"0,4%",-,2023,november
0,SMER-SD,"27,9%","24,6% - 31,2%",2017,januar
1,SaS,"13,2%","10,7% - 15,7%",2017,januar
2,Kotleba - Ľudová strana Naše Slovensko,"10,2%","8,0% - 12,5%",2017,januar
3,OĽANO - NOVA,"10,2%","8,0% - 12,5%",2017,januar
4,SNS,"10,1%","7,9% - 12,4%",2017,januar
5,SME RODINA - Boris Kollár,"7,4%","5,5% - 9,4%",2017,januar
6,MOST-HÍD,"6,4%","4,6% - 8,2%",2017,januar
7,KDH,"5,3%","3,7% - 7,0%",2017,januar
8,SMK - MKP,"3,4%","2,0% - 4,7%",2017,januar
9,SZS,"1,4%",-,2017,januar
10,KSS,"1,2%",-,2017,januar
11,SIEŤ,"0,9%",-,2017,januar
12,SDKÚ-DS,"0,7%",-,2017,januar
13,ŠANCA,"0,4%",-,2017,januar
14,SKOK,"0,3%",-,2017,januar
15,VZDOR,"0,3%",-,2017,januar
16,Priama demokracia,"0,3%",-,2017,januar
17,SMS,"0,2%",-,2017,januar
18,DS,"0,2%",-,2017,januar
19,Národná koalícia,"0,0%",-,2017,januar
20,iná strana,"0,0%",-,2017,januar
0,SMER-SD,"42,0%","38,1% - 45,8%",2012,september
1,KDH,"11,7%","9,2% - 14,2%",2012,september
2,SaS,"8,9%","6,7% - 11,1%",2012,september
3,SDKÚ-DS,"8,3%","6,1% - 10,4%",2012,september
4,OĽaNO,"6,3%","4,4% - 8,1%",2012,september
5,MOST-HÍD,"6,0%","4,1% - 7,8%",2012,september
6,SMK,"4,5%","2,9% - 6,1%",2012,september
7,SNS,"3,9%","2,4% - 5,3%",2012,september
8,KSS,"2,3%",,2012,september
9,99% - občiansky hlas,"1,0%",,2012,september
10,Strana zelených,"1,0%",,2012,september
11,Národ a spravodlivosť - NS,"1,0%",,2012,september
12,ĽS-HZDS,"0,8%",,2012,september
13,SSS - Nory Mojsejovej,"0,6%",,2012,september
14,ĽS Naše Slovensko,"0,5%",,2012,september
15,Zmena zdola-Demokratická únia Slovenska,"0,5%",,2012,september
16,iná strana,"0,8%",,2012,september
0,SMER-SD,"25,5%","22,2% - 28,8%",2018,januar
1,SaS,"13,1%","10,6% - 15,6%",2018,januar
2,OĽANO - NOVA,"11,4%","9,0% - 13,7%",2018,januar
3,SME RODINA - Boris Kollár,"9,0%","6,9% - 11,2%",2018,januar
4,SNS,"8,6%","6,5% - 10,7%",2018,januar
5,Kotleba - Ľudová strana Naše Slovensko,"8,1%","6,1% - 10,1%",2018,januar
6,KDH,"7,4%","5,4% - 9,3%",2018,januar
7,MOST-HÍD,"5,7%","3,9% - 7,4%",2018,januar
8,SMK - MKP,"3,9%","2,5% - 5,4%",2018,januar
9,Progresívne Slovensko,"1,9%",-,2018,januar
10,KSS,"1,6%",-,2018,januar
11,ŠANCA,"0,9%",-,2018,januar
12,SZS,"0,7%",-,2018,januar
13,SIEŤ,"0,7%",-,2018,januar
14,SMS,"0,5%",-,2018,januar
15,SDKÚ-DS,"0,3%",-,2018,januar
16,Priama demokracia,"0,3%",-,2018,januar
17,VZDOR,"0,2%",-,2018,januar
18,SKOK - ELD,"0,1%",-,2018,januar
19,MKDA-MKDSZ,"0,1%",-,2018,januar
20,DS,"0,0%",-,2018,januar
21,iná strana,"0,0%",-,2018,januar
0,SMER  - $_{ SD}$,"17,6%","14,8% - 20,5%",2023,marec
1,HLAS  -  SD,"17,1%","14,2%  -  19,9%",2023,marec
2,$_{Progresívne Slovensko}$,"12,1%","9,7% - 14,6%",2023,marec
3,REPUBLIKA,"9,6%","7,4% - 11,8%",2023,marec
4,$_{SME RODINA}$,"7,7%","5,7% - 9,7%",2023,marec
5,KDH,"5,8%","4,0% - 7,5%",2023,marec
6,$_{SaS}$,"5,1%","3,4% - 6,8%",2023,marec
7,Demokrati,"5,0%","3,3% - 6,7%",2023,marec
8,Aliancia  $_{- Szövetség}$,"4,7%","3,1% - 6,3%",2023,marec
9,$_{OĽANO}$,"4,3%","2,8% - 5,8%",2023,marec
10,$_{SNS}$,"3,4%","2,0% - 4,8%",2023,marec
11,Kotlebovci  $_{- ĽS Naše Slovensko}$,"2,7%","1,5% - 3,9%",2023,marec
12,Maďarské fórum / Magyar Fórum,"1,5%","0,6% - 2,4%",2023,marec
13,Dobrá voľba,"1,4%","0,5% - 2,3%",2023,marec
14,$_{ZA ĽUDÍ}$,"1,2%","0,3% - 2,1%",2023,marec
15,iná strana 3,"0,8%",-,2023,marec
0,SMER-SD,"43,9%","40,2%- 47,7%",2011,december
1,SDKÚ-DS,"10,2%","7,9%-12,5%",2011,december
2,KDH,"10,0%","7,7%-12,3%",2011,december
3,MOST-HÍD,"8,3%","6,2%-10,4%",2011,december
4,OĽ  a nezávislé osobnosti,"5,8%","4,1%-7,6%",2011,december
5,SaS,"5,6%","3,8%-7,4%",2011,december
6,SNS,"5,6%","3,8%-7,4%",2011,december
7,SMK,"2,8%","1,5%-4,1%",2011,december
8,ĽS-HZDS,"2,1%","1,0%-3,2%",2011,december
9,KSS,"1,8%","0,8%-2,8%",2011,december
10,Národ a Spravodlivosť,"1,2%","0,4%-2,1%",2011,december
11,Strana zelených,"0,7%",-,2011,december
12,SDĽ,"0,5%",-,2011,december
13,ĽS Naše Slovensko,"0,4%",-,2011,december
14,iná strana,"1,1%",-,2011,december
0,SMER-SD,"37,4%","33,9% - 41,0%",2015,april
1,SIEŤ,"10,9%","8,6% - 13,2%",2015,april
2,KDH,"9,9%","7,7% - 12,1%",2015,april
3,MOST-HÍD,"7,2%","5,3% - 9,1%",2015,april
4,OĽaNO,"7,0%","5,1% - 8,9%",2015,april
5,SNS,"5,7%","4,0% - 7,5%",2015,april
6,SaS,"5,3%","3,6% - 7,0%",2015,april
7,SMK,"4,0%","2,6% - 5,5%",2015,april
8,SDKÚ-DS,"3,2%",-,2015,april
9,TIP,"2,6%",-,2015,april
10,NOVA,"2,3%",-,2015,april
11,KSS,"1,4%",-,2015,april
12,Strana zelených,"1,3%",-,2015,april
13,iná strana,"1,8%",-,2015,april
0,HLAS  -  SD,"22,3%","19,2%  -  25,3%",2021,april
1,$_{SaS}$,"11,2%","8,9% - 13,6%",2021,april
2,SMER  - $_{ SD}$,"10,9%","8,6% - 13,2%",2021,april
3,OĽANO -NOVA- KÚ $_{-ZMENA ZDOLA}$,"9,2%","7,1% - 11,4%",2021,april
4,$_{SME RODINA}$,"7,4%","5,5% - 9,4%",2021,april
5,$_{Progresívne Slovensko}$,"6,2%","4,4% - 8,0%",2021,april
6,$_{KDH}$,"5,7%","4,0% - 7,4%",2021,april
7,Aliancia  - Szövetség $^{3}$,"5,0%","3,4% - 6,7%",2021,april
8,$_{ZA ĽUDÍ}$,"4,8%","3,2% - 6,4%",2021,april
9,REPUBLIKA,"4,7%","3,1% - 6,3%",2021,april
10,Kotlebovci  - ĽS Naše Sl $_{ovensko}$,"4,3%","2,8% - 5,8%",2021,april
11,$_{SNS}$,"3,4%","2,0% - 4,7%",2021,april
12,DOBRÁ VOĽBA,"1,8%","0,8% - 2,8%",2021,april
13,$_{VLASŤ}$,"1,6%","0,6% - 2,5%",2021,april
14,iná strana 4,"1,5%",-,2021,april
0,SMER-SD,"40,4%","36,9% - 43,9%",2010,august
1,SDKÚ-DS,"15,3%","12,7% - 17,8%",2010,august
2,SaS,"9,5%","7,4% - 11,6%",2010,august
3,KDH,"8,7%","6,7% - 10,8%",2010,august
4,MOST-HÍD,"7,0%","5,2% - 8,8%",2010,august
5,SNS,"5,5%","3,9% - 7,2%",2010,august
6,SMK,"5,0%","3,5% - 6,6%",2010,august
7,ĽS-HZDS,"3,8%","2,4% - 5,2%",2010,august
8,KSS,"1,9%","0,9% - 2,9%",2010,august
9,Strana zelených,"1,3%","0,5% - 2,1%",2010,august
10,SDĽ,"0,8%",-,2010,august
11,iná strana,"0,8% $^{1}$",-,2010,august
0,SMER-SD,"36,8%","33,2% - 40,4%",2014,jul
1,SIEŤ,"10,6%","8,3% - 12,9%",2014,jul
2,KDH,"9,7%","7,5% - 11,9%",2014,jul
3,OĽaNO,"7,8%","5,8% - 9,8%",2014,jul
4,MOST-HÍD,"7,1%","5,2% - 9,0%",2014,jul
5,SMK,"5,2%","3,6% - 6,9%",2014,jul
6,SDKÚ-DS,"4,9%","3,3% - 6,5%",2014,jul
7,SaS,"4,2%","2,7% - 5,7%",2014,jul
8,SNS,"3,8%","2,3% - 5,2%",2014,jul
9,NOVA,"3,2%","1,9% - 4,5%",2014,jul
10,KSS,"2,6%",,2014,jul
11,ĽS Naše Slovensko,"1,7%",,2014,jul
12,Strana zelených,"1,2%",,2014,jul
13,Zmena zdola-Demokratická únia Slovenska,"0,4%",,2014,jul
14,Národ a spravodlivosť - NS,"0,4%",,2014,jul
15,99% - občiansky hlas,"0,1%",,2014,jul
16,iná strana,"0,2%",,2014,jul
0,SMER-SD,"26,4%","23,1% - 29,6%",2016,maj
1,SNS,"14,5%","11,9% - 17,1%",2016,maj
2,SaS,"14,1%","11,6% - 16,7%",2016,maj
3,OĽANO - NOVA,"9,9%","7,7% - 12,1%",2016,maj
4,Kotleba - Ľudová strana Naše Slovensko,"8,4%","6,3% - 10,4%",2016,maj
5,SME RODINA - Boris Kollár,"6,9%","5,0% - 8,8%",2016,maj
6,MOST-HÍD,"5,9%","4,1% - 7,6%",2016,maj
7,KDH,"4,8%","3,2% - 6,4%",2016,maj
8,SMK - MKP,"3,5%","2,1% - 4,8%",2016,maj
9,SIEŤ,"1,4%","0,5% - 2,3%",2016,maj
10,KSS,"1,3%",-,2016,maj
11,SZS,"0,8%",-,2016,maj
12,SDKÚ-DS,"0,6%",-,2016,maj
13,VZDOR,"0,5%",-,2016,maj
14,SKOK,"0,4%",-,2016,maj
15,SMS,"0,4%",-,2016,maj
16,Koalícia spoločne za Slovensko,"0,1%",-,2016,maj
17,MKDA-MKD SZ,"0,1%",-,2016,maj
18,ŠANCA,"0,0%",-,2016,maj
19,Odvaha - Veľká národná a proruská koalícia,"0,0%",-,2016,maj
20,DS (Demokrati Slovenska),"0,0%",-,2016,maj
21,Priama demokracia,"0,0%",-,2016,maj
22,iná strana,"0,0%",-,2016,maj
0,SMER-SD,"22,4%","19,4% - 25,4%",2018,september
1,SaS,"13,5%","11,1% - 16,0%",2018,september
2,OĽANO - NOVA,"10,3%","8,1% - 12,5%",2018,september
3,Kotleba - Ľudová strana Naše Slovensko,"10,0%","7,8% - 12,2%",2018,september
4,SNS,"9,2%","7,1% - 11,3%",2018,september
5,SME RODINA - Boris Kollár,"8,2%","6,2% - 10,2%",2018,september
6,KDH,"5,5%","3,9% - 7,2%",2018,september
7,MOST-HÍD,"5,1%","3,5% - 6,7%",2018,september
8,Progresívne Slovensko,"4,4%","2,9% - 5,9%",2018,september
9,SMK - MKP,"3,1%","1,9% - 4,3%",2018,september
10,SPOLU - Občianska demokracia,"3,1%","1,9% - 4,3%",2018,september
11,SZS,"1,7%",-,2018,september
12,KSS,"1,2%",-,2018,september
13,MKDA-MKDSZ,"0,6%",-,2018,september
14,ŠANCA,"0,4%",-,2018,september
15,VZDOR,"0,4%",-,2018,september
16,Priama demokracia,"0,4%",-,2018,september
17,SMS,"0,2%",-,2018,september
18,SDKÚ-DS,"0,1%",-,2018,september
19,SKS,"0,0%",-,2018,september
20,SKOK - ELD,"0,0%",-,2018,september
21,DS,"0,0%",-,2018,september
22,iná strana,"0,1%",-,2018,september
0,SMER-SD,"36,8%","33,0% - 40,6%",2013,december
1,KDH,"10,2%","7,8% - 12,6%",2013,december
2,SDKÚ-DS,"9,4%","7,1% - 11,7%",2013,december
3,OĽaNO,"8,3%","6,1% - 10,5%",2013,december
4,SaS,"6,8%","4,8% - 8,7%",2013,december
5,MOST-HÍD,"5,6%","3,8% - 7,4%",2013,december
6,Nová väčšina (Daniel Lipšic),"5,1%","3,4% - 6,8%",2013,december
7,SMK,"4,3%","2,7% - 5,9%",2013,december
8,SNS,"3,7%","2,2% - 5,2%",2013,december
9,KSS,"2,2%",,2013,december
10,Strana zelených,"1,7%",,2013,december
11,99% - občiansky hlas,"1,6%",,2013,december
12,ĽS-HZDS,"1,1%",,2013,december
13,Zmena zdola-Demokratická únia Slovenska,"1,1%",,2013,december
14,Národ a spravodlivosť - NS,"1,0%",,2013,december
15,ĽS Naše Slovensko,"0,8%",,2013,december
16,iná strana,"0,3%",,2013,december
0,SMER-SD,"37,7%","34,1% - 41,3%",2015,september
1,SIEŤ,"11,4%","9,0% - 13,7%",2015,september
2,KDH,"8,2%","6,1% - 10,2%",2015,september
3,"koalícia OĽaNO, NOVA","8,0%","6,0% - 10,0%",2015,september
4,MOST-HÍD,"7,1%","5,2% - 9,1%",2015,september
5,SNS,"6,4%","4,6% - 8,2%",2015,september
6,SaS,"5,4%","3,7% - 7,1%",2015,september
7,SMK,"4,1%","2,6% - 5,6%",2015,september
8,TIP,"2,5%","1,3% - 3,6%",2015,september
9,SDKÚ-DS,"2,2%","1,1% - 3,3%",2015,september
10,ĽS NS (Ľudová strana Naše Slovensko),"2,2%","1,1% - 3,3%",2015,september
11,Šanca,"1,6%",-,2015,september
12,SKOK,"1,0%",-,2015,september
13,KSS,"0,7%",-,2015,september
14,Strana zelených,"0,7%",-,2015,september
15,Národná koalícia,"0,3%",-,2015,september
16,iná strana,"0,5%",-,2015,september
0,SMER-SD,"32,2%","28,7% - 35,8%",2014,jun
1,SIEŤ (strana R. Procházku)$^{2}$,"15,8%","13,0% - 18,6%",2014,jun
2,KDH,"9,3%","7,1% - 11,6%",2014,jun
3,OĽaNO,"7,6%","5,6% - 9,6%",2014,jun
4,SaS,"5,5%","3,7% - 7,2%",2014,jun
5,SDKÚ-DS,"5,1%","3,4% - 6,8%",2014,jun
6,SMK,"5,1%","3,4% - 6,8%",2014,jun
7,MOST-HÍD,"5,0%","3,3% - 6,7%",2014,jun
8,NOVA,"3,4%","2,0% - 4,7%",2014,jun
9,SNS,"2,4%","1,2% - 3,6%",2014,jun
10,KSS,"1,8%",,2014,jun
11,ĽS Naše Slovensko,"1,7%",,2014,jun
12,Zmena zdola-Demokratická únia Slovenska,"1,5%",,2014,jun
13,Strana zelených,"1,1%",,2014,jun
14,Národ a spravodlivosť - NS,"1,0%",,2014,jun
15,99% - občiansky hlas,"0,6%",,2014,jun
16,iná strana,"0,9%",,2014,jun
0,Národná revolúcia,Centrum - periféria,Cirkev - štát,2020,august
1,Priemyselná revolúcia,Mesto - vidiek,Vlastníci - pracujúci,2020,august
0,SMER-SD,"19,7%","16,9% - 22,5%",2019,jun
1,koalícia strán Progresívne Slovensko a SPOLU-OD,"17,8%","15,1% - 20,4%",2019,jun
2,Kotleba - Ľudová strana Naše Slovensko,"12,5%","10,2% - 14,8%",2019,jun
3,SaS,"8,0%","6,1% - 9,9%",2019,jun
4,KDH,"7,5%","5,6% - 9,3%",2019,jun
5,SME RODINA - Boris Kollár,"7,3%","5,5% - 9,2%",2019,jun
6,SNS,"7,2%","5,6% - 9,4%",2019,jun
7,OĽANO,"6,7%","4,9% - 8,4%",2019,jun
8,MOST-HÍD,"4,4%","2,9% - 5,8%",2019,jun
9,SMK - MKP,"3,7%","2,4% - 5,1%",2019,jun
10,Kresťanská únia,"1,4%",-,2019,jun
11,SZS,"1,3%",-,2019,jun
12,KSS,"0,4%",-,2019,jun
13,SDKÚ-DS,"0,4%",-,2019,jun
14,Priama demokracia,"0,4%",-,2019,jun
15,KDŽP,"0,3%",-,2019,jun
16,Maďarské fórum - Magyar Fórum,"0,1%",-,2019,jun
17,Národná koalícia,"0,1%",-,2019,jun
18,ŠANCA,"0,1%",-,2019,jun
19,VZDOR,"0,1%",-,2019,jun
20,SMS,"0,1%",-,2019,jun
21,MKDA-MKDSZ,"0,1%",-,2019,jun
22,Demokrati Slovenska,"0,1%",-,2019,jun
23,SKS,"0,0%",-,2019,jun
24,SKOK - ELD,"0,0%",-,2019,jun
25,iná strana,"0,3%",-,2019,jun
0,SMER-SD,"25,5%","22,8% - 28,1%",2017,februar
1,SaS,"13,8%","11,7% - 15,9%",2017,februar
2,Kotleba - Ľudová strana Naše Slovensko,"10,4%","8,5% - 12,2%",2017,februar
3,SNS,"10,1%","8,2% - 11,9%",2017,februar
4,OĽANO - NOVA,"9,7%","7,9% - 11,5%",2017,februar
5,SME RODINA - Boris Kollár,"8,5%","6,8% - 10,2%",2017,februar
6,MOST-HÍD,"6,0%","4,6% - 7,5%",2017,februar
7,KDH,"5,5%","4,1% - 6,9%",2017,februar
8,SMK - MKP,"4,3%","3,0% - 5,5%",2017,februar
9,SZS,"1,5%",-,2017,februar
10,SIEŤ,"1,3%",-,2017,februar
11,KSS,"0,8%",-,2017,februar
12,SMS,"0,6%",-,2017,februar
13,SDKÚ-DS,"0,5%",-,2017,februar
14,SKOK,"0,5%",-,2017,februar
15,ŠANCA,"0,3%",-,2017,februar
16,VZDOR,"0,2%",-,2017,februar
17,Priama demokracia,"0,2%",-,2017,februar
18,DS,"0,2%",-,2017,februar
19,iná strana,"0,1%",-,2017,februar
0,HLAS - SD,"20,9%","17,8%  -  23,9%",2020,december
1,$_{SaS}$,"15,8%","13,1% - 18,6%",2020,december
2,OĽANO -NOVA- KÚ $_{-ZMENA ZDOLA}$,"11,0%","8,6% - 13,3%",2020,december
3,$_{SMER - SD}$,"9,8%","7,6% - 12,1%",2020,december
4,Kotlebovci  $_{- ĽS Naše Slovensko}$,"8,2%","6,1% - 10,2%",2020,december
5,$_{Progresívne Slovensko}$,"6,0%","4,2% - 7,8%",2020,december
6,$_{SME RODINA}$,"5,4%","3,7% - 7,1%",2020,december
7,$_{KDH}$,"4,9%","3,2% - 6,5%",2020,december
8,$_{ZA ĽUDÍ}$,"4,4%","2,9% - 6,0%",2020,december
9,$_{SMK-MKP}$,"3,3%","2,0% - 4,7%",2020,december
10,$_{SNS}$,"2,7%","1,5% - 3,9%",2020,december
11,DOBRÁ VOĽBA,"2,1%","1,0% - 3,2%",2020,december
12,$_{VLASŤ}$,"2,1%","1,0% - 3,2%",2020,december
13,MOST -  $_{HÍD}$,"2,0%","0,9% - 3,1%",2020,december
14,iná strana 3,"1,4%",-,2020,december
0,SMER-SD,"26,4%","23,1% - 29,6%",2016,jun
1,SNS,"14,5%","11,9% - 17,1%",2016,jun
2,SaS,"14,1%","11,6% - 16,7%",2016,jun
3,OĽANO - NOVA,"9,9%","7,7% - 12,1%",2016,jun
4,Kotleba - Ľudová strana Naše Slovensko,"8,4%","6,3% - 10,4%",2016,jun
5,SME RODINA - Boris Kollár,"6,9%","5,0% - 8,8%",2016,jun
6,MOST-HÍD,"5,9%","4,1% - 7,6%",2016,jun
7,KDH,"4,8%","3,2% - 6,4%",2016,jun
8,SMK - MKP,"3,5%","2,1% - 4,8%",2016,jun
9,SIEŤ,"1,4%","0,5% - 2,3%",2016,jun
10,KSS,"1,3%",-,2016,jun
11,SZS,"0,8%",-,2016,jun
12,SDKÚ-DS,"0,6%",-,2016,jun
13,VZDOR,"0,5%",-,2016,jun
14,SKOK,"0,4%",-,2016,jun
15,SMS,"0,4%",-,2016,jun
16,Koalícia spoločne za Slovensko,"0,1%",-,2016,jun
17,MKDA-MKD SZ,"0,1%",-,2016,jun
18,ŠANCA,"0,0%",-,2016,jun
19,Odvaha - Veľká národná a proruská koalícia,"0,0%",-,2016,jun
20,DS (Demokrati Slovenska),"0,0%",-,2016,jun
21,Priama demokracia,"0,0%",-,2016,jun
22,iná strana,"0,0%",-,2016,jun
0,SMER-SD,"26,6%","23,3% - 29,8%",2017,april
1,SaS,"13,7%","11,2% - 16,3%",2017,april
2,Kotleba - Ľudová strana Naše Slovensko,"10,1%","7,8% - 12,3%",2017,april
3,SNS,"9,9%","7,7% - 12,2%",2017,april
4,OĽANO - NOVA,"9,2%","7,1% - 11,4%",2017,april
5,SME RODINA - Boris Kollár,"8,1%","6,0% - 10,1%",2017,april
6,MOST-HÍD,"6,9%","5,0% - 8,8%",2017,april
7,KDH,"5,4%","3,7% - 7,0%",2017,april
8,SMK - MKP,"4,3%","2,8% - 5,8%",2017,april
9,KSS,"1,3%",-,2017,april
10,SZS,"1,0%",-,2017,april
11,SDKÚ-DS,"0,8%",-,2017,april
12,SIEŤ,"0,6%",-,2017,april
13,SMS,"0,6%",-,2017,april
14,ŠANCA,"0,6%",-,2017,april
15,VZDOR,"0,3%",-,2017,april
16,SKOK,"0,2%",-,2017,april
17,Priama demokracia,"0,2%",-,2017,april
18,MKDA-MKDSZ,"0,1%",-,2017,april
19,DS,"0,0%",-,2017,april
20,iná strana,"0,1%",-,2017,april
0,SMER-SD,"34,0%","30,6% - 37,5%",2014,november
1,SIEŤ,"12,5%","10,0% - 14,9%",2014,november
2,KDH,"8,8%","6,7% - 10,9%",2014,november
3,OĽaNO,"7,8%","5,9% - 9,8%",2014,november
4,MOST-HÍD,"7,0%","5,1% - 8,9%",2014,november
5,SNS,"4,6%","3,2% - 6,3%",2014,november
6,SMK,"4,6%","3,1% - 6,2%",2014,november
7,SaS,"4,3%","2,8% - 5,8%",2014,november
8,SDKÚ-DS,"4,2%","2,7% - 5,7%",2014,november
9,NOVA,"2,4%",-,2014,november
10,KSS,"2,2%",-,2014,november
11,TIP,"2,1%",-,2014,november
12,ĽS Naše Slovensko,"1,5%",-,2014,november
13,Strana zelených,"1,5%",-,2014,november
14,Národ a spravodlivosť - NS,"1,3%",-,2014,november
15,Zmena zdola-Demokratická únia Slovenska,"0,7%",-,2014,november
16,iná strana,"0,5%",-,2014,november
0,SMER-SD,"34,6%","31,1% - 38,1%",2014,april
1,SIEŤ (strana R. Procházku)$^{2}$,"13,3%","10,8% - 15,8%",2014,april
2,KDH,"9,9%","7,7% - 12,1%",2014,april
3,OĽaNO,"5,3%","3,7% - 7,0%",2014,april
4,SDKÚ-DS,"5,3%","3,7% - 7,0%",2014,april
5,MOST-HÍD,"5,1%","3,5% - 6,7%",2014,april
6,SMK,"5,0%","3,4% - 6,6%",2014,april
7,NOVA,"4,9%","3,3% - 6,5%",2014,april
8,SNS,"4,3%","2,8% - 5,8%",2014,april
9,SaS,"4,1%","2,6% - 5,6%",2014,april
10,ĽS Naše Slovensko,"3,0%","1,7% - 4,2%",2014,april
11,KSS,"1,6%",,2014,april
12,99% - občiansky hlas,"1,0%",,2014,april
13,Národ a spravodlivosť - NS,"0,9%",,2014,april
14,Strana zelených,"0,8%",,2014,april
15,Zmena zdola-Demokratická únia Slovenska,"0,4%",,2014,april
16,iná strana,"0,5%",,2014,april
0,HLAS - SD,"23,0%","20,0%  -  26,1%",2021,februar
1,$_{SaS}$,"12,9%","10,5% - 15,4%",2021,februar
2,OĽANO -NOVA- KÚ $_{-ZMENA ZDOLA}$,"10,4%","8,2% - 12,6%",2021,februar
3,$_{SMER - SD}$,"9,2%","7,1% - 11,3%",2021,februar
4,$_{Progresívne Slovensko}$,"6,7%","4,9% - 8,6%",2021,februar
5,Kotlebovci  - ĽS Naše Sl $_{ovensko}$,"6,6%","4,8% - 8,4%",2021,februar
6,$_{SME RODINA}$,"5,2%","3,6% - 6,8%",2021,februar
7,$_{ZA ĽUDÍ}$,"5,2%","3,6% - 6,8%",2021,februar
8,$_{KDH}$,"4,9%","3,3% - 6,5%",2021,februar
9,$_{SMK-MKP}$,"3,5%","2,1% - 4,8%",2021,februar
10,$_{SNS}$,"2,8%","1,6% - 4,0%",2021,februar
11,$_{VLASŤ}$,"2,8%","1,6% - 4,0%",2021,februar
12,MOST -  $_{HÍD}$,"2,1%","1,1% - 3,2%",2021,februar
13,DOBRÁ VOĽBA,"1,9%","0,9% - 2,9%",2021,februar
14,MKS/MK Ö,"1,3%","0,5% - 2,1%",2021,februar
15,iná strana 3,"1,5%",-,2021,februar
0,SMER-SD,"40,4%","36,9% - 43,9%",2010,november
1,SDKÚ-DS,"15,3%","12,7% - 17,8%",2010,november
2,SaS,"9,5%","7,4% - 11,6%",2010,november
3,KDH,"8,7%","6,7% - 10,8%",2010,november
4,MOST-HÍD,"7,0%","5,2% - 8,8%",2010,november
5,SNS,"5,5%","3,9% - 7,2%",2010,november
6,SMK,"5,0%","3,5% - 6,6%",2010,november
7,ĽS-HZDS,"3,8%","2,4% - 5,2%",2010,november
8,KSS,"1,9%","0,9% - 2,9%",2010,november
9,Strana zelených,"1,3%","0,5% - 2,1%",2010,november
10,SDĽ,"0,8%",-,2010,november
11,iná strana,"0,8% $^{1}$",-,2010,november
0,SMER-SD,"23,3%","20,2% - 26,3%",2016,december
1,SNS,"13,7%","11,2% - 16,2%",2016,december
2,SaS,"13,6%","11,2% - 16,1%",2016,december
3,Kotleba - Ľudová strana Naše Slovensko,"8,8%","6,7% - 10,8%",2016,december
4,OĽANO - NOVA,"8,2%","6,2% - 10,1%",2016,december
5,SME RODINA - Boris Kollár,"7,9%","6,0% - 9,9%",2016,december
6,MOST-HÍD,"6,8%","5,0% - 8,7%",2016,december
7,KDH,"5,9%","4,2% - 7,6%",2016,december
8,SMK - MKP,"4,4%","2,9% - 5,9%",2016,december
9,SIEŤ,"1,2%",-,2016,december
10,KSS,"1,0%",-,2016,december
11,ŠANCA,"0,9%",-,2016,december
12,SZS,"0,8%",-,2016,december
13,SDKÚ-DS,"0,8%",-,2016,december
14,SKOK,"0,7%",-,2016,december
15,VZDOR,"0,6%",-,2016,december
16,Priama demokracia,"0,4%",-,2016,december
17,SMS,"0,1%",-,2016,december
18,DS (Demokrati Slovenska),"0,1%",-,2016,december
19,Národná koalícia,"0,1%",,2016,december
20,iná strana,"0,7%",-,2016,december
0,OĽANO-NOVA-KÚ-ZMENA ZDOLA,"24,4%","21,3% - 27,5%",2020,april
1,SMER - SD,"21,8%","18,8% - 24,8%",2020,april
2,SME RODINA,"11,5%","9,1% - 13,8%",2020,april
3,Kotlebovci - ĽS Naše Slovensko,"9,2%","7,1% - 11,3%",2020,april
4,Progresívne Slovensko/SPOLU,"7,6%","5,7% - 9,5%",2020,april
5,SaS,"6,8%","5,0% - 8,6%",2020,april
6,KDH,"4,5%","3,0% - 6,0%",2020,april
7,ZA ĽUDÍ,"3,2%","1,9% - 4,5%",2020,april
8,SMK-MKP $^{3}$,"2,8%","1,6% - 4,0%",2020,april
9,VLASŤ,"2,3%","1,2% - 3,4%",2020,april
10,MOST - HÍD,"1,8%","0,8% - 2,7%",2020,april
11,SNS,"1,6%","0,7% - 2,5%",2020,april
12,DOBRÁ VOĽBA,"1,1%","0,3% - 1,8%",2020,april
13,iná strana 4,"1,4%",-,2020,april
0,SMER-SD,"35,4%","31,9% - 39,0%",2014,oktober
1,SIEŤ,"12,2%","9,8% - 14,6%",2014,oktober
2,KDH,"9,9%","7,7% - 12,1%",2014,oktober
3,MOST-HÍD,"6,9%","5,0% - 8,8%",2014,oktober
4,OĽaNO,"6,5%","4,6% - 8,3%",2014,oktober
5,SaS,"4,7%","3,2% - 6,3%",2014,oktober
6,SNS,"4,7%","3,2% - 6,3%",2014,oktober
7,SDKÚ-DS,"4,2%","2,7% - 5,6%",2014,oktober
8,SMK,"4,2%","2,7% - 5,6%",2014,oktober
9,NOVA,"3,2%","1,9% - 4,5%",2014,oktober
10,KSS,"2,7%",-,2014,oktober
11,TIP,"1,7%",-,2014,oktober
12,ĽS Naše Slovensko,"1,7%",-,2014,oktober
13,Strana zelených,"0,7%",-,2014,oktober
14,Zmena zdola-Demokratická únia Slovenska,"0,7%",-,2014,oktober
15,Národ a spravodlivosť - NS,"0,1%",-,2014,oktober
16,iná strana,"0,5%",-,2014,oktober
0,SMER-SD,"19,0%","16,2% - 21,9%",2019,april
1,koalícia strán Progresívne Slovensko a SPOLU - OD,"13,4%","10,9% - 15,9%",2019,april
2,Kotleba - Ľudová strana Naše Slovensko,"10,5%","8,3% - 12,7%",2019,april
3,SaS,"10,1%","7,9% - 12,3%",2019,april
4,SME RODINA - Boris Kollár,"9,4%","7,3% - 11,6%",2019,april
5,OĽANO,"9,1%","7,0% - 11,2%",2019,april
6,SNS,"7,5%","5,6% - 9,4%",2019,april
7,KDH,"6,8%","5,0% - 8,6%",2019,april
8,MOST-HÍD,"4,7%","3,2% - 6,3%",2019,april
9,SMK - MKP,"3,6%","2,2% - 4,9%",2019,april
10,SZS,"1,6%",-,2019,april
11,KSS,"1,1%",-,2019,april
12,ŠANCA,"0,6%",-,2019,april
13,SKS,"0,5%",-,2019,april
14,SDKÚ-DS,"0,4%",-,2019,april
15,VZDOR,"0,4%",-,2019,april
16,Priama demokracia,"0,2%",-,2019,april
17,SKOK - ELD,"0,2%",-,2019,april
18,SMS,"0,2%",-,2019,april
19,MKDA-MKDSZ,"0,2%",-,2019,april
20,DS,"0,1%",-,2019,april
21,iná strana,"0,4%",-,2019,april
0,SMER-SD,"22,4%","19,4% - 25,4%",2018,august
1,SaS,"13,5%","11,1% - 16,0%",2018,august
2,OĽANO - NOVA,"10,3%","8,1% - 12,5%",2018,august
3,Kotleba - Ľudová strana Naše Slovensko,"10,0%","7,8% - 12,2%",2018,august
4,SNS,"9,2%","7,1% - 11,3%",2018,august
5,SME RODINA - Boris Kollár,"8,2%","6,2% - 10,2%",2018,august
6,KDH,"5,5%","3,9% - 7,2%",2018,august
7,MOST-HÍD,"5,1%","3,5% - 6,7%",2018,august
8,Progresívne Slovensko,"4,4%","2,9% - 5,9%",2018,august
9,SMK - MKP,"3,1%","1,9% - 4,3%",2018,august
10,SPOLU - Občianska demokracia,"3,1%","1,9% - 4,3%",2018,august
11,SZS,"1,7%",-,2018,august
12,KSS,"1,2%",-,2018,august
13,MKDA-MKDSZ,"0,6%",-,2018,august
14,ŠANCA,"0,4%",-,2018,august
15,VZDOR,"0,4%",-,2018,august
16,Priama demokracia,"0,4%",-,2018,august
17,SMS,"0,2%",-,2018,august
18,SDKÚ-DS,"0,1%",-,2018,august
19,SKS,"0,0%",-,2018,august
20,SKOK - ELD,"0,0%",-,2018,august
21,DS,"0,0%",-,2018,august
22,iná strana,"0,1%",-,2018,august
0,SMER-SD,"22,0%","19,0% - 24,9%",2019,oktober
1,koalícia strán Progresívne Slovensko a SPOLU,"11,0%","8,8% - 13,3%",2019,oktober
2,Kotleba - Ľudová strana Naše Slovensko,"10,2%","8,1% - 12,4%",2019,oktober
3,Za ľudí,"9,1%","7,0% - 11,1%",2019,oktober
4,SME RODINA - Boris Kollár,"7,2%","5,4% - 9,1%",2019,oktober
5,SNS,"6,9%","5,0% - 8,7%",2019,oktober
6,KDH,"6,5%","4,7% - 8,2%",2019,oktober
7,OĽANO,"6,0%","4,3% - 7,7%",2019,oktober
8,SaS,"5,2%","3,6% - 6,7%",2019,oktober
9,MOST-HÍD,"3,8%","2,4% - 5,1%",2019,oktober
10,SMK - MKP,"3,2%","1,9% - 4,4%",2019,oktober
11,Dobrá voľba,"2,4%",-,2019,oktober
12,Vlasť,"1,8%",-,2019,oktober
13,Máme toho dosť!,"1,2%",-,2019,oktober
14,iná strana $^{3}$,"3,5%",-,2019,oktober
0,SMER-SD,"26,9%","23,6% - 30,1%",2016,november
1,SNS,"12,8%","10,3% - 15,2%",2016,november
2,SaS,"12,1%","9,8% - 14,5%",2016,november
3,Kotleba - Ľudová strana Naše Slovensko,"8,4%","6,4% - 10,5%",2016,november
4,OĽANO - NOVA,"8,0%","6,1% - 10,0%",2016,november
5,SME RODINA - Boris Kollár,"7,5%","5,6% - 9,4%",2016,november
6,MOST-HÍD,"6,7%","4,8% - 8,5%",2016,november
7,KDH,"6,3%","4,6% - 8,1%",2016,november
8,SMK - MKP,"3,9%","2,5% - 5,3%",2016,november
9,SIEŤ,"1,6%",-,2016,november
10,KSS,"1,5%",-,2016,november
11,SZS,"1,4%",-,2016,november
12,Priama demokracia,"0,6%",-,2016,november
13,SDKÚ-DS,"0,5%",-,2016,november
14,ŠANCA,"0,5%",-,2016,november
15,SMS,"0,5%",-,2016,november
16,DS (Demokrati Slovenska),"0,2%",-,2016,november
17,VZDOR,"0,2%",-,2016,november
18,SKOK,"0,1%",-,2016,november
19,iná strana,"0,3%",-,2016,november
0,SMER - SD,"23,3%","20,0% - 26,6%",2024,november
1,Progresívne Slovensko,"22,1%","18,9% - 25,3%",2024,november
2,HLAS - SD,"12,8%","10,2% - 15,4%",2024,november
3,REPUBLIKA,"7,9%","5,8% - 10,0%",2024,november
4,KDH,"6,0%","4,2% - 7,8%",2024,november
5,SaS,"5,6%","3,8% - 7,4%",2024,november
6,Maďarská aliancia - Magyar Szövetség,"5,2%","3,5% - 6,9%",2024,november
7,DemokraE,"5,0%","3,3% - 6,7%",2024,november
8,SNS,"4,7%","3,1% - 6,3%",2024,november
9,"Koalícia Slovensko, KÚ a ZĽ","4,1%","2,6% - 5,6%",2024,november
10,SME RODINA,"3,2%","1,8% - 4,6%",2024,november
11,iná strana,"0,1%",-,2024,november
0,SMER-SD,"36,8%","33,3% - 40,3%",2010,april
1,SDKÚ-DS,"13,4%","10,9% - 15,9%",2010,april
2,SaS,"11,5%","9,1% - 13,8%",2010,april
3,KDH,"8,6%","6,6% - 10,7%",2010,april
4,SNS,"8,6%","6,6% - 10,7%",2010,april
5,ĽS-HZDS,"5,4%","3,8% - 7,1%",2010,april
6,MOST-HÍD,"5,1%","3,5% - 6,7%",2010,april
7,SMK,"5,1%","3,5% - 6,7%",2010,april
8,KSS,"1,3%",,2010,april
9,SDĽ,"1,2%",,2010,april
10,Ľudová strana Naše  Slovensko,"0,8%",,2010,april
11,Paliho Kapurková,"0,6%",,2010,april
12,Únia - Strana pre  Slovensko,"0,4%",,2010,april
13,,,,2010,april
14,ND (Nová demokracia),"0,4%",,2010,april
15,EDS (Európska demokratická strana),"0,3%",,2010,april
16,SRK (Strana rómskej koalície),"0,3%",,2010,april
17,AZEN (Aliancia za Európu národov),"0,2%",,2010,april
18,ZRS (Združenie robotníkov Slovenska),-  $^{2}$,,2010,april
0,SMER  - $_{ SD}$,"17,7%","14,9% - 20,6%",2023,april
1,HLAS  -  SD,"17,0%","14,2%  -  19,8%",2023,april
2,$_{Progresívne Slovensko}$,"13,1%","10,5% - 15,6%",2023,april
3,REPUBLIKA,"9,8%","7,6% - 12,0%",2023,april
4,$_{SME RODINA}$,"6,1%","4,3% - 7,9%",2023,april
5,KDH,"6,0%","4,2% - 7,8%",2023,april
6,$_{OĽANO}$,"5,6%","3,9% - 7,3%",2023,april
7,$_{SaS}$,"5,2%","3,6% - 6,9%",2023,april
8,Aliancia  $_{- Szövetség}$,"4,3%","2,8% - 5,8%",2023,april
9,$_{SNS}$,"4,0%","2,6% - 5,5%",2023,april
10,Demokrati,"3,6%","2,2% - 5,0%",2023,april
11,Kotlebovci  $_{- ĽS Naše Slovensko}$,"2,7%","1,5% - 3,9%",2023,april
12,"Maďarské fórum, Občianski demokrati Slovenska,  Za regióny, Rómska koalícia, Demokratická strana","1,7%","0,7% - 2,6%",2023,april
13,Dobrá voľba,"1,1%","0,3% - 1,9%",2023,april
14,$_{ZA ĽUDÍ}$,"1,0%","0,2% - 1,7%",2023,april
15,iná strana 3,"1,1%",-,2023,april
0,SMER-SD,"33,2%","29,8% - 36,7%",2015,maj
1,SIEŤ,"10,7%","8,4% - 13,0%",2015,maj
2,KDH,"9,4%","7,3% - 11,6%",2015,maj
3,OĽaNO,"7,8%","5,9% - 9,8%",2015,maj
4,MOST-HÍD,"7,4%","5,5% - 9,4%",2015,maj
5,SNS,"7,3%","5,4% - 9,2%",2015,maj
6,SMK,"5,4%","3,7% - 7,1%",2015,maj
7,SaS,"5,0%","3,4% - 6,6%",2015,maj
8,NOVA,"2,4%",-,2015,maj
9,TIP,"2,4%",-,2015,maj
10,SDKÚ-DS,"2,3%",-,2015,maj
11,KSS,"2,1%",-,2015,maj
12,Strana zelených,"1,1%",-,2015,maj
13,SKOK,"1,1%",-,2015,maj
14,Šanca,"0,9%",-,2015,maj
15,ĽS NS,"0,7%",-,2015,maj
16,iná strana,"0,8%",-,2015,maj
0,SMER-SD,"39,7%","36,1% - 43,3%",2010,september
1,SDKÚ-DS,"16,0%","13,3% - 18,7%",2010,september
2,KDH,"10,8%","8,5% - 13,1%",2010,september
3,SaS,"8,3%","6,3% - 10,3%",2010,september
4,MOST-HÍD,"7,3%","5,4% - 9,3%",2010,september
5,SNS,"6,1%","4,3% - 7,8%",2010,september
6,SMK,"3,3%","2,0% - 4,6%",2010,september
7,ĽS-HZDS,"3,0%","1,8% - 4,3%",2010,september
8,KSS,"2,5%","1,3% - 3,6%",2010,september
9,SDĽ,"1,1%","0,4% - 1,9%",2010,september
10,iná strana,"1,9%$^{1}$",,2010,september
0,SMER - SD,"23,3%","20,0% - 26,6%",2024,september
1,Progresívne Slovensko,"22,1%","18,9% - 25,3%",2024,september
2,HLAS - SD,"12,8%","10,2% - 15,4%",2024,september
3,REPUBLIKA,"7,9%","5,8% - 10,0%",2024,september
4,KDH,"6,0%","4,2% - 7,8%",2024,september
5,SaS,"5,6%","3,8% - 7,4%",2024,september
6,Maďarská aliancia - Magyar Szövetség,"5,2%","3,5% - 6,9%",2024,september
7,DemokraE,"5,0%","3,3% - 6,7%",2024,september
8,SNS,"4,7%","3,1% - 6,3%",2024,september
9,"Koalícia Slovensko, KÚ a ZĽ","4,1%","2,6% - 5,6%",2024,september
10,SME RODINA,"3,2%","1,8% - 4,6%",2024,september
11,iná strana,"0,1%",-,2024,september
0,HLAS - SD,"24,3%","21,0%  -  27,5%",2021,januar
1,$_{SaS}$,"13,3%","10,7% - 15,8%",2021,januar
2,OĽANO -NOVA- KÚ $_{-ZMENA ZDOLA}$,"10,1%","7,9% - 12,4%",2021,januar
3,Kotlebovci  - ĽS Naše Sl $_{ovensko}$,"9,7%","7,5% - 11,9%",2021,januar
4,$_{SMER - SD}$,"9,1%","7,0% - 11,3%",2021,januar
5,$_{Progresívne Slovensko}$,"5,2%","3,5% - 6,9%",2021,januar
6,$_{SME RODINA}$,"5,1%","3,4% - 6,8%",2021,januar
7,$_{KDH}$,"4,4%","2,8% - 5,9%",2021,januar
8,$_{ZA ĽUDÍ}$,"4,2%","2,7% - 5,7%",2021,januar
9,$_{SMK-MKP}$,"3,3%","2,0% - 4,6%",2021,januar
10,$_{SNS}$,"2,8%","1,6% - 4,0%",2021,januar
11,$_{VLASŤ}$,"2,4%","1,2% - 3,5%",2021,januar
12,DOBRÁ VOĽBA,"2,1%","1,0% - 3,2%",2021,januar
13,MOST -  $_{HÍD}$,"2,0%","0,9% - 3,0%",2021,januar
14,SPOLU  občianska demokracia,"1,0%","0,3% - 1,8%",2021,januar
15,iná strana 3,"1,0%",-,2021,januar
0,SMER-SD,"27,7%","24,4% - 30,9%",2016,september
1,SaS,"13,5%","11,0% - 16,0%",2016,september
2,SNS,"12,6%","10,2% - 15,0%",2016,september
3,Kotleba - Ľudová strana Naše Slovensko,"8,3%","6,3% - 10,3%",2016,september
4,OĽANO - NOVA,"8,2%","6,2% - 10,2%",2016,september
5,MOST-HÍD,"7,7%","5,8% - 9,7%",2016,september
6,SME RODINA - Boris Kollár,"6,8%","5,0% - 8,6%",2016,september
7,KDH,"6,0%","4,3% - 7,7%",2016,september
8,SMK - MKP,"3,6%","2,3% - 5,0%",2016,september
9,SIEŤ,"1,4%",-,2016,september
10,KSS,"1,2%",-,2016,september
11,SZS,"0,9%",-,2016,september
12,SDKÚ-DS,"0,8%",-,2016,september
13,SKOK,"0,6%",-,2016,september
14,ŠANCA,"0,4%",-,2016,september
15,SMS,"0,3%",-,2016,september
16,DS (Demokrati Slovenska),"0,0%",-,2016,september
17,VZDOR,"0,0%",-,2016,september
18,Priama demokracia,"0,0%",-,2016,september
19,iná strana,"0,0%",-,2016,september
0,SMER-SD,"47,1%","43,4% - 50,9%",2011,maj
1,SDKÚ-DS,"12,2%","9,7% - 14,6%",2011,maj
2,KDH,"9,5%","7,2% - 11,7%",2011,maj
3,SNS,"8,1%","6,0% - 10,2%",2011,maj
4,MOST-HÍD,"6,1%","4,3% - 7,9%",2011,maj
5,SaS,"5,2%","3,5% - 6,9%",2011,maj
6,SMK,"4,7%","3,1% - 6,4%",2011,maj
7,ĽS-HZDS,"3,4%","2,0% - 4,8%",2011,maj
8,KSS,"1,7%","0,7% - 2,7%",2011,maj
9,SDĽ,"1,0%","0,2% - 1,7%",2011,maj
10,Strana zelených,"0,4%",,2011,maj
11,ĽS Naše Slovensko,"0,4%",,2011,maj
12,iná strana,"0,1%",,2011,maj
0,SMER - SD,"17,0%","14,4% - 19,5%",2020,februar
1,OĽANO-NOVA-KÚ-ZMENA ZDOLA,"13,3%","11,0% - 15,6%",2020,februar
2,Kotlebovci - ĽS Naše Slovensko,"12,2%","10,0% - 14,5%",2020,februar
3,Koalícia PS a SPOLU,"9,3%","7,4% - 11,3%",2020,februar
4,ZA ĽUDÍ,"8,2%","6,3% - 10,0%",2020,februar
5,SME RODINA,"7,8%","6,0% - 9,6%",2020,februar
6,KDH,"5,4%","3,9% - 6,9%",2020,februar
7,SaS,"5,3%","3,8% - 6,8%",2020,februar
8,SNS,"4,4%","3,0% - 5,7%",2020,februar
9,MOST - HÍD,"4,2%","2,8% - 5,5%",2020,februar
10,DOBRÁ VOĽBA,"4,0%","2,7% - 5,3%",2020,februar
11,Magyar Közösségi Összefogás - Maďarská,"3,9%","2,6% - 5,2%",2020,februar
12,komunitná spolupatričnosť VLASŤ,"3,2%","2,0% - 4,4%",2020,februar
13,Demokratická strana,"0,5%",,2020,februar
14,Slovenské Hnutie Obrody,"0,4%",,2020,februar
15,Socialisti.sk,"0,3%",,2020,februar
16,STAROSTOVIA A NEZÁVISLÍ KANDIDÁTI,"0,3%",,2020,februar
17,MÁME TOHO DOSŤ !,"0,1%",,2020,februar
18,SOLIDARITA - Hnutie pracujúcej chudoby,"0,1%",,2020,februar
19,99% - občiansky hlas,"0,1%",,2020,februar
20,Slovenská liga,"0,0%",,2020,februar
21,Hlas pravice,"0,0%",,2020,februar
22,Hlas ľudu  Slovenská ľudová strana Andreja Hlinku,"0,0%",,2020,februar
23,Práca slovenského národa,"0,0%  0,0%",,2020,februar
0,SMER  - $_{ SD}$,"17,7%","14,9% - 20,6%",2023,december
1,HLAS  -  SD,"17,0%","14,2%  -  19,8%",2023,december
2,$_{Progresívne Slovensko}$,"13,1%","10,5% - 15,6%",2023,december
3,REPUBLIKA,"9,8%","7,6% - 12,0%",2023,december
4,$_{SME RODINA}$,"6,1%","4,3% - 7,9%",2023,december
5,KDH,"6,0%","4,2% - 7,8%",2023,december
6,$_{OĽANO}$,"5,6%","3,9% - 7,3%",2023,december
7,$_{SaS}$,"5,2%","3,6% - 6,9%",2023,december
8,Aliancia  $_{- Szövetség}$,"4,3%","2,8% - 5,8%",2023,december
9,$_{SNS}$,"4,0%","2,6% - 5,5%",2023,december
10,Demokrati,"3,6%","2,2% - 5,0%",2023,december
11,Kotlebovci  $_{- ĽS Naše Slovensko}$,"2,7%","1,5% - 3,9%",2023,december
12,"Maďarské fórum, Občianski demokrati Slovenska,  Za regióny, Rómska koalícia, Demokratická strana","1,7%","0,7% - 2,6%",2023,december
13,Dobrá voľba,"1,1%","0,3% - 1,9%",2023,december
14,$_{ZA ĽUDÍ}$,"1,0%","0,2% - 1,7%",2023,december
15,iná strana 3,"1,1%",-,2023,december
0,SMER-SD,"34,6%","31,1% - 38,1%",2014,maj
1,SIEŤ (strana R. Procházku)$^{2}$,"13,3%","10,8% - 15,8%",2014,maj
2,KDH,"9,9%","7,7% - 12,1%",2014,maj
3,OĽaNO,"5,3%","3,7% - 7,0%",2014,maj
4,SDKÚ-DS,"5,3%","3,7% - 7,0%",2014,maj
5,MOST-HÍD,"5,1%","3,5% - 6,7%",2014,maj
6,SMK,"5,0%","3,4% - 6,6%",2014,maj
7,NOVA,"4,9%","3,3% - 6,5%",2014,maj
8,SNS,"4,3%","2,8% - 5,8%",2014,maj
9,SaS,"4,1%","2,6% - 5,6%",2014,maj
10,ĽS Naše Slovensko,"3,0%","1,7% - 4,2%",2014,maj
11,KSS,"1,6%",,2014,maj
12,99% - občiansky hlas,"1,0%",,2014,maj
13,Národ a spravodlivosť - NS,"0,9%",,2014,maj
14,Strana zelených,"0,8%",,2014,maj
15,Zmena zdola-Demokratická únia Slovenska,"0,4%",,2014,maj
16,iná strana,"0,5%",,2014,maj
0,SMER-SD,"34,2%","30,6% - 37,8%",2014,december
1,SIEŤ,"11,4%","9,0% - 13,8%",2014,december
2,KDH,"10,8%","8,5% - 13,2%",2014,december
3,OĽaNO,"8,3%","6,2% - 10,3%",2014,december
4,MOST-HÍD,"7,4%","5,4% - 9,3%",2014,december
5,SMK,"5,2%","3,5% - 6,8%",2014,december
6,SNS,"5,1%","3,4% - 6,7%",2014,december
7,SaS,"4,1%","2,6% - 5,6%",2014,december
8,NOVA,"2,9%",-,2014,december
9,TIP,"2,7%",-,2014,december
10,SDKÚ-DS,"2,1%",-,2014,december
11,KSS,"2,1%",-,2014,december
12,Strana zelených,"1,4%",-,2014,december
13,ĽS Naše Slovensko,"0,9%",-,2014,december
14,Národ a spravodlivosť - NS,"0,4%",-,2014,december
15,Zmena zdola-Demokratická únia Slovenska,"0,4%",-,2014,december
16,iná strana,"0,6%",-,2014,december
0,HLAS  -  SD,"18,5%","15,5%  -  21,5%",2022,februar
1,SMER  - $_{ SD}$,"15,6%","12,8% - 18,4%",2022,februar
2,$_{SaS}$,"12,0%","9,5% - 14,5%",2022,februar
3,$_{Progresívne Slovensko}$,"8,1%","6,0% - 10,1%",2022,februar
4,OĽANO -NOVA- KÚ $_{-ZMENA ZDOLA}$,"7,8%","5,7% - 9,8%",2022,februar
5,REPUBLIKA,"7,0%","5,1% - 9,0%",2022,februar
6,$_{SME RODINA}$,"6,3%","4,4% - 8,2%",2022,februar
7,KDH,"6,0%","4,2% - 7,8%",2022,februar
8,Aliancia  $_{- Szövetség}$,"4,6%","3,0% - 6,2%",2022,februar
9,Kotlebovci  $_{- ĽS Naše Slovensko}$,"3,8%","2,4% - 5,3%",2022,februar
10,$_{SNS}$,"3,8%","2,4% - 5,3%",2022,februar
11,$_{ZA ĽUDÍ}$,"2,7%","1,4% - 3,9%",2022,februar
12,Maďarské fórum / Magyar Fórum,"1,2%","0,4% - 2,0%",2022,februar
13,Dobrá voľba a Umiernení,"1,1%","0,3% - 1,9%",2022,februar
14,SPOLU -  občianska demokracia,"0,8%",-,2022,februar
15,iná strana 3,"0,7%",-,2022,februar
0,SMER-SD,"42,0%","38,3% - 45,6%",2010,jul
1,SDKÚ-DS,"14,7%","12,1% - 17,3%",2010,jul
2,SaS,"12,3%","9,8% - 14,7%",2010,jul
3,KDH,"9,0%","6,9% - 11,2%",2010,jul
4,MOST-HÍD,"7,2%","5,3% - 9,2%",2010,jul
5,SNS,"6,2%","4,5% - 8,0%",2010,jul
6,SMK,"3,4%","2,1% - 4,8%",2010,jul
7,ĽS-HZDS,"2,1%","1,1% - 3,2%",2010,jul
8,SDĽ,"1,7%","0,7% - 2,6%",2010,jul
9,iná strana,"1,4%$^{1}$",,2010,jul
0,SMER-SD,"26,2%","22,9% - 29,5%",2017,oktober
1,SaS,"13,8%","11,2% - 16,4%",2017,oktober
2,Kotleba - Ľudová strana Naše Slovensko,"10,1%","7,8% - 12,4%",2017,oktober
3,SME RODINA - Boris Kollár,"9,4%","7,2% - 11,6%",2017,oktober
4,OĽANO - NOVA,"8,5%","6,4% - 10,6%",2017,oktober
5,SNS,"8,1%","6,1% - 10,2%",2017,oktober
6,KDH,"7,3%","5,3% - 9,2%",2017,oktober
7,MOST-HÍD,"6,0%","4,2% - 7,8%",2017,oktober
8,SMK - MKP,"4,2%","2,7% - 5,7%",2017,oktober
9,ŠANCA,"1,1%",-,2017,oktober
10,KSS,"1,0%",-,2017,oktober
11,SZS,"0,9%",-,2017,oktober
12,SDKÚ-DS,"0,7%",-,2017,oktober
13,SMS,"0,7%",-,2017,oktober
14,SIEŤ,"0,7%",-,2017,oktober
15,MKDA-MKDSZ,"0,5%",-,2017,oktober
16,SKOK - ELD,"0,4%",-,2017,oktober
17,DS,"0,2%",-,2017,oktober
18,Priama demokracia,"0,2%",-,2017,oktober
19,VZDOR,"0,0%",-,2017,oktober
20,iná strana,"0,0%",-,2017,oktober
0,SMER - SD,"18,7%","15,9% - 21,4%",2020,januar
1,Kotlebovci - ĽS Naše Slovensko,"13,6%","11,2% - 16,0%",2020,januar
2,Koalícia PS a SPOLU,"10,5%","8,3% - 12,6%",2020,januar
3,ZA ĽUDÍ,"10,3%","8,1% - 12,4%",2020,januar
4,OĽANO-NOVA-KÚ-ZMENA ZDOLA,"7,7%","5,9% - 9,6%",2020,januar
5,SME RODINA,"7,1%","5,3% - 8,9%",2020,januar
6,KDH,"6,0%","4,3% - 7,6%",2020,januar
7,SaS,"5,4%","3,8% - 7,0%",2020,januar
8,SNS,"5,1%","3,6% - 6,7%",2020,januar
9,MOST - HÍD,"4,0%","2,6% - 5,4%",2020,januar
10,Maďarská komunitná spolupatričnosť -,"3,7%","2,4% - 5,1%",2020,januar
11,Magyar Közösségi Összefogás,,,2020,januar
12,DOBRÁ VOĽBA,"3,3%","2,0% - 4,5%",2020,januar
13,VLASŤ,"2,3%","1,2% - 3,3%",2020,januar
14,MÁME TOHO DOSŤ !,"0,5%",,2020,januar
15,Socialisti.sk,"0,5%",,2020,januar
16,STAROSTOVIA A NEZÁVISLÍ KANDIDÁTI,"0,4%",,2020,januar
17,Hlas ľudu,"0,2%",,2020,januar
18,Demokratická strana,"0,2%",,2020,januar
19,Slovenská ľudová strana Andreja Hlinku,"0,2%",,2020,januar
20,Práca slovenského národa,"0,2%",,2020,januar
21,Slovenské Hnutie Obrody,"0,1%",,2020,januar
22,Slovenská liga,"0,0%",,2020,januar
23,SOLIDARITA - Hnutie pracujúcej chudoby,"0,0%",,2020,januar
24,Hlas pravice,"0,0%",,2020,januar
25,99% - občiansky hlas,"0,0%",,2020,januar
0,SMER-SD,"37,0%","33,2% - 40,9%",2012,december
1,KDH,"11,9%","9,3% - 14,4%",2012,december
2,SDKÚ-DS,"8,4%","6,2% - 10,6%",2012,december
3,MOST-HÍD,"7,7%","5,6% - 9,8%",2012,december
4,OĽaNO,"7,0%","5,0% - 9,0%",2012,december
5,SaS,"7,0%","5,0% - 9,0%",2012,december
6,SNS,"4,8%","3,1% - 6,5%",2012,december
7,Nová väčšina (Daniel Lipšic),"3,7%","2,3% - 5,2%",2012,december
8,SMK,"3,5%","2,1% - 5,0%",2012,december
9,KSS,"1,8%",,2012,december
10,ĽS Naše Slovensko,"1,4%",,2012,december
11,99% - občiansky hlas,"1,4%",,2012,december
12,Strana zelených,"1,3%",,2012,december
13,Zmena zdola-Demokratická únia Slovenska,"1,0%",,2012,december
14,ĽS-HZDS,"0,9%",,2012,december
15,Národ a spravodlivosť - NS,"0,8%",,2012,december
16,iná strana,"0,4%",,2012,december
0,SMER-SD,"26,4%","23,1% - 29,7%",2017,december
1,SaS,"14,2%","11,6% - 16,8%",2017,december
2,SNS,"10,3%","8,0% - 12,5%",2017,december
3,OĽANO - NOVA,"9,2%","7,1% - 11,4%",2017,december
4,Kotleba - Ľudová strana Naše Slovensko,"9,1%","6,9% - 11,2%",2017,december
5,SME RODINA - Boris Kollár,"8,2%","6,2% - 10,3%",2017,december
6,KDH,"6,3%","4,5% - 8,1%",2017,december
7,MOST-HÍD,"6,2%","4,4% - 8,0%",2017,december
8,SMK - MKP,"4,0%","2,5% - 5,4%",2017,december
9,SZS,"1,5%",-,2017,december
10,KSS,"1,2%",-,2017,december
11,SIEŤ,"0,7%",-,2017,december
12,SDKÚ-DS,"0,6%",-,2017,december
13,SKOK,"0,6%",-,2017,december
14,ŠANCA,"0,6%",-,2017,december
15,MKDA-MKDSZ,"0,3%",-,2017,december
16,VZDOR,"0,3%",-,2017,december
17,DS,"0,1%",-,2017,december
18,Priama demokracia,"0,1%",-,2017,december
19,SMS,"0,1%",-,2017,december
20,iná strana,"0,0%",-,2017,december
0,SMER-SD,"26,0%","22,7% - 29,3%",2017,september
1,SaS,"14,0%","11,5% - 16,6%",2017,september
2,Kotleba - Ľudová strana Naše Slovensko,"10,4%","8,1% - 12,6%",2017,september
3,OĽANO - NOVA,"9,6%","7,4% - 11,8%",2017,september
4,SME RODINA - Boris Kollár,"9,1%","6,9% - 11,2%",2017,september
5,SNS,"8,7%","6,6% - 10,9%",2017,september
6,KDH,"6,4%","4,6% - 8,2%",2017,september
7,MOST-HÍD,"6,0%","4,2% - 7,8%",2017,september
8,SMK - MKP,"4,0%","2,5% - 5,5%",2017,september
9,SZS,"1,6%",-,2017,september
10,KSS,"0,9%",-,2017,september
11,SDKÚ-DS,"0,8%",-,2017,september
12,SMS,"0,8%",-,2017,september
13,SIEŤ,"0,7%",-,2017,september
14,ŠANCA,"0,4%",-,2017,september
15,SKOK,"0,2%",-,2017,september
16,MKDA-MKDSZ,"0,2%",-,2017,september
17,DS,"0,1%",-,2017,september
18,Priama demokracia,"0,1%",-,2017,september
19,VZDOR,"0,0%",-,2017,september
20,iná strana,"0,0%",-,2017,september
0,SMER-SD,"26,2%","22,9% - 29,4%",2017,jun
1,SaS,"13,4%","10,9% - 15,9%",2017,jun
2,Kotleba - Ľudová strana Naše Slovensko,"10,9%","8,6% - 13,2%",2017,jun
3,SNS,"10,2%","8,0% - 12,4%",2017,jun
4,OĽANO - NOVA,"9,6%","7,5% - 11,8%",2017,jun
5,SME RODINA - Boris Kollár,"7,4%","5,5% - 9,3%",2017,jun
6,MOST-HÍD,"6,9%","5,1% - 8,8%",2017,jun
7,KDH,"5,7%","4,0% - 7,5%",2017,jun
8,SMK - MKP,"4,0%","2,5% - 5,4%",2017,jun
9,SZS,"1,6%",-,2017,jun
10,KSS,"1,2%",-,2017,jun
11,SIEŤ,"0,6%",-,2017,jun
12,ŠANCA,"0,5%",-,2017,jun
13,SDKÚ-DS,"0,3%",-,2017,jun
14,SKOK,"0,3%",-,2017,jun
15,Priama demokracia,"0,3%",-,2017,jun
16,SMS,"0,1%",-,2017,jun
17,DS,"0,1%",-,2017,jun
18,VZDOR,"0,0%",-,2017,jun
19,MKDA-MKDSZ,"0,0%",-,2017,jun
20,iná strana,"0,7%",-,2017,jun
0,HLAS  -  SD,"19,0%","16,3%  -  21,7%",2022,december
1,SMER  - $_{ SD}$,"16,6%","14,1% - 19,1%",2022,december
2,$_{Progresívne Slovensko}$,"12,8%","10,5% - 15,1%",2022,december
3,SME RODINA,"8,2%","6,3% - 10,1%",2022,december
4,OĽANO -NOVA- KÚ $_{-ZMENA ZDOLA}$,"7,4%","5,6% - 9,2%",2022,december
5,$_{REPUBLIKA}$,"6,9%","5,2% - 8,6%",2022,december
6,$_{KDH}$,"5,9%","4,3% - 7,5%",2022,december
7,SaS,"5,6%","4,0% - 7,2%",2022,december
8,Aliancia  $_{- Szövetség}$,"4,4%","3,0% - 5,8%",2022,december
9,$_{SNS}$,"3,4%","2,2% - 4,6%",2022,december
10,Kotlebovci  $_{- ĽS Naše Slovensko}$,"3,1%","1,9% - 4,3%",2022,december
11,$_{ZA ĽUDÍ}$,"2,2%","1,2% - 3,2%",2022,december
12,Dobrá voľba a Umiernení,"1,1%","0,4% - 1,8%",2022,december
13,Maďarské fórum / Magyar Fórum,"1,1%","0,4% - 1,8%",2022,december
14,SPOLU -  občianska demokracia,"1,0%","0,3% - 1,7%",2022,december
15,iná strana 3,"1,3%",-,2022,december
0,HLAS  -  SD,"20,3%","17,2%  -  23,4%",2022,september
1,SMER  - $_{ SD}$,"15,3%","12,5% - 18,1%",2022,september
2,$_{Progresívne Slovensko}$,"9,6%","7,4% - 11,9%",2022,september
3,$_{SaS}$,"8,2%","6,1% - 10,3%",2022,september
4,REPUBLIKA,"7,8%","5,8% - 9,9%",2022,september
5,OĽANO -NOVA- KÚ $_{-ZMENA ZDOLA}$,"7,2%","5,2% - 9,2%",2022,september
6,$_{SME RODINA}$,"7,0%","5,0% - 8,9%",2022,september
7,KDH,"6,2%","4,3% - 8,0%",2022,september
8,Aliancia  $_{- Szövetség}$,"4,6%","3,0% - 6,2%",2022,september
9,$_{SNS}$,"3,9%","2,4% - 5,4%",2022,september
10,Kotlebovci  $_{- ĽS Naše Slovensko}$,"2,9%","1,6% - 4,2%",2022,september
11,ZA  $_{ĽUDÍ}$,"2,4%","1,2% - 3,6%",2022,september
12,Maďarské fórum / Magyar Fórum,"1,7%","0,7% - 2,8%",2022,september
13,Dobrá voľba a Umiernení,"1,5%","0,6% - 2,4%",2022,september
14,SPOLU -  občianska demokracia,"0,7%","0,1% - 1,4%",2022,september
15,iná strana 3,"0,7%",-,2022,september
0,SMER - SD,"23,3%","20,0% - 26,6%",2024,jul
1,Progresívne Slovensko,"22,1%","18,9% - 25,3%",2024,jul
2,HLAS - SD,"12,8%","10,2% - 15,4%",2024,jul
3,REPUBLIKA,"7,9%","5,8% - 10,0%",2024,jul
4,KDH,"6,0%","4,2% - 7,8%",2024,jul
5,SaS,"5,6%","3,8% - 7,4%",2024,jul
6,Maďarská aliancia - Magyar Szövetség,"5,2%","3,5% - 6,9%",2024,jul
7,DemokraE,"5,0%","3,3% - 6,7%",2024,jul
8,SNS,"4,7%","3,1% - 6,3%",2024,jul
9,"Koalícia Slovensko, KÚ a ZĽ","4,1%","2,6% - 5,6%",2024,jul
10,SME RODINA,"3,2%","1,8% - 4,6%",2024,jul
11,iná strana,"0,1%",-,2024,jul
0,SMER-SD,"27,9%","24,6% - 31,2%",2016,januar
1,SaS,"13,2%","10,7% - 15,7%",2016,januar
2,Kotleba - Ľudová strana Naše Slovensko,"10,2%","8,0% - 12,5%",2016,januar
3,OĽANO - NOVA,"10,2%","8,0% - 12,5%",2016,januar
4,SNS,"10,1%","7,9% - 12,4%",2016,januar
5,SME RODINA - Boris Kollár,"7,4%","5,5% - 9,4%",2016,januar
6,MOST-HÍD,"6,4%","4,6% - 8,2%",2016,januar
7,KDH,"5,3%","3,7% - 7,0%",2016,januar
8,SMK - MKP,"3,4%","2,0% - 4,7%",2016,januar
9,SZS,"1,4%",-,2016,januar
10,KSS,"1,2%",-,2016,januar
11,SIEŤ,"0,9%",-,2016,januar
12,SDKÚ-DS,"0,7%",-,2016,januar
13,ŠANCA,"0,4%",-,2016,januar
14,SKOK,"0,3%",-,2016,januar
15,VZDOR,"0,3%",-,2016,januar
16,Priama demokracia,"0,3%",-,2016,januar
17,SMS,"0,2%",-,2016,januar
18,DS,"0,2%",-,2016,januar
19,Národná koalícia,"0,0%",-,2016,januar
20,iná strana,"0,0%",-,2016,januar
0,SMER-SD,"37,8%","34,3% - 41,3%",2014,august
1,SIEŤ,"11,6%","9,3% - 13,9%",2014,august
2,KDH,"10,9%","8,6% - 13,1%",2014,august
3,MOST-HÍD,"6,5%","4,7% - 8,3%",2014,august
4,SDKÚ-DS,"5,9%","4,2% - 7,5%",2014,august
5,OĽaNO,"5,7%","4,0% - 7,4%",2014,august
6,SMK,"5,0%","3,5% - 6,6%",2014,august
7,SaS,"4,6%","3,1% - 6,1%",2014,august
8,NOVA,"2,9%","1,7% - 4,1%",2014,august
9,SNS,"2,7%","1,5% - 3,9%",2014,august
10,KSS,"1,6%",,2014,august
11,ĽS Naše Slovensko,"1,6%",,2014,august
12,TIP,"1,4%",,2014,august
13,Strana zelených,"0,5%",,2014,august
14,Národ a spravodlivosť - NS,"0,5%",,2014,august
15,Zmena zdola-Demokratická únia Slovenska,"0,4%",,2014,august
16,iná strana,"0,4%",,2014,august
0,HLAS  -  SD,"21,6%","18,5%  -  24,6%",2021,jun
1,$_{SaS}$,"12,8%","10,3% - 15,3%",2021,jun
2,SMER  - $_{ SD}$,"12,0%","9,6% - 14,5%",2021,jun
3,OĽANO -NOVA- KÚ $_{-ZMENA ZDOLA}$,"8,2%","6,1% - 10,2%",2021,jun
4,$_{SME RODINA}$,"7,6%","5,6% - 9,6%",2021,jun
5,$_{Progresívne Slovensko}$,"6,3%","4,4% - 8,1%",2021,jun
6,KDH,"5,8%","4,0% - 7,5%",2021,jun
7,Aliancia  - Szövetség 3,"5,7%","3,9% - 7,4%",2021,jun
8,Kotlebovci  - ĽS Naše Sl $_{ovensko}$,"4,8%","3,2% - 6,4%",2021,jun
9,REPUBLIKA,"4,6%","3,0% - 6,1%",2021,jun
10,$_{ZA ĽUDÍ}$,"3,4%","2,1% - 4,8%",2021,jun
11,$_{SNS}$,"3,2%","1,9% - 4,6%",2021,jun
12,SPOLU -  občianska  demokracia,"1,5%","0,6% - 2,4%",2021,jun
13,DOBRÁ VOĽBA,"1,3%","0,5% - 2,1%",2021,jun
14,iná strana 4,"1,2%",-,2021,jun
0,SMER-SD,"39,0%","35,5% - 42,4%",2015,november
1,SIEŤ,"12,9%","10,5% - 15,2%",2015,november
2,KDH,"7,7%","5,8% - 9,6%",2015,november
3,MOST-HÍD,"7,0%","5,1% - 8,8%",2015,november
4,"koalícia OĽaNO, NOVA  $^{3}$","6,6%","4,8% - 8,3%",2015,november
5,SNS,"6,0%","4,3% - 7,7%",2015,november
6,SaS,"5,2%","3,7% - 6,8%",2015,november
7,SMK,"4,1%","2,7% - 5,5%",2015,november
8,SDKÚ-DS,"3,0%","1,8% - 4,2%",2015,november
9,TIP,"1,8%","0,9% - 2,8%",2015,november
10,Šanca,"1,4%","0,6% - 2,3%",2015,november
11,ĽS NS (Ľudová strana Naše Slovensko),"1,4%","0,6% - 2,3%",2015,november
12,KSS,"1,3%","0,5% - 2,1%",2015,november
13,SKOK,"1,0%","0,3% - 1,8%",2015,november
14,Strana zelených,"0,7%",-,2015,november
15,iná strana,"0,9%",-,2015,november
0,SMER-SD,"20,0%","17,1% - 22,8%",2019,november
1,koalícia strán PS a SPOLU,"11,7%","9,5% - 14,0%",2019,november
2,ZA ĽUDÍ,"10,6%","8,4% - 12,8%",2019,november
3,ĽS Naše Slovensko,"10,3%","8,2% - 12,5%",2019,november
4,SME RODINA,"7,0%","5,2% - 8,8%",2019,november
5,SNS,"6,8%","5,0% - 8,6%",2019,november
6,KDH,"5,7%","4,1% - 7,4%",2019,november
7,OĽANO,"5,7%","4,1% - 7,4%",2019,november
8,SaS,"5,0%","3,5% - 6,6%",2019,november
9,MOST-HÍD,"4,1%","2,7% - 5,5%",2019,november
10,SMK - MKP,"3,5%","2,2% - 4,8%",2019,november
11,VLASŤ,"3,0%","1,8% - 4,2%",2019,november
12,DOBRÁ VOĽBA,"2,9%","1,7% - 4,1%",2019,november
13,MÁME TOHO DOSŤ!,"1,0%",-,2019,november
14,iná strana $^{3}$,"2,7%",-,2019,november
0,SMER-SD,"38,4%","34,9% - 41,9%",2015,december
1,SIEŤ,"13,4%","10,9% - 15,9%",2015,december
2,KDH,"7,4%","5,5% - 9,3%",2015,december
3,MOST-HÍD,"6,6%","4,8% - 8,4%",2015,december
4,OĽaNO - NOVA,"6,4%","4,6% - 8,2%",2015,december
5,SNS,"6,3%","4,5% - 8,0%",2015,december
6,SaS,"5,3%","3,7% - 7,0%",2015,december
7,SMK,"4,2%","2,8% - 5,7%",2015,december
8,SDKÚ-DS,"2,5%","1,3% - 3,6%",2015,december
9,ĽS Naše Slovensko,"1,9%","0,9% - 2,9%",2015,december
10,ŠANCA,"1,8%","0,8% - 2,7%",2015,december
11,KSS,"1,5%","0,6% - 2,4%",2015,december
12,TIP,"1,2%","0,4% - 2,0%",2015,december
13,SKOK!,"1,2%","0,4% - 2,0%",2015,december
14,SME RODINA - Boris Kollár,"1,1%","0,3% - 1,8%",2015,december
15,Strana zelených,"0,7%",-,2015,december
16,iná strana $^{3}$,"0,1%",-,2015,december
0,SMER-SD,"45,2%","41,5%- 49,0%",2011,november
1,SDKÚ-DS,"11,3%","8,9%-13,6%",2011,november
2,KDH,"9,9%","7,6%-12,1%",2011,november
3,SaS,"7,5%","5,5%-9,5%",2011,november
4,MOST-HÍD,"7,0%","5,1%-9,0%",2011,november
5,SNS,"5,4%","3,7%-7,1%",2011,november
6,SMK,"3,6%","2,2%-5,0%",2011,november
7,Obyčajní ľudia,"2,9%","1,6%-4,2%",2011,november
8,ĽS-HZDS,"2,5%","1,3%-3,7%",2011,november
9,KSS,"1,1%","0,3%-1,9%",2011,november
10,SDĽ,"0,8%",-,2011,november
11,Strana zelených,"0,8%",-,2011,november
12,Národ a Spravodlivosť,"0,6%",-,2011,november
13,OKS,"0,4%",-,2011,november
14,ĽS Naše Slovensko,"0,3%",-,2011,november
15,iná strana,"0,7%",-,2011,november
0,OĽANO-NOVA-KÚ-ZMENA ZDOLA,"22,9%","19,9% - 25,9%",2020,maj
1,SMER - SD,"21,6%","18,6% - 24,5%",2020,maj
2,SME RODINA,"11,2%","8,9% - 13,5%",2020,maj
3,Kotlebovci - ĽS Naše Slovensko,"9,7%","7,5% - 11,8%",2020,maj
4,SaS,"8,0%","6,0% - 10,0%",2020,maj
5,Progresívne Slovensko $^{3}$,"6,5%","4,7% - 8,3%",2020,maj
6,KDH,"4,8%","3,3% - 6,3%",2020,maj
7,ZA ĽUDÍ,"4,3%","2,8% - 5,7%",2020,maj
8,SMK-MKP,"4,2%","2,7% - 5,6%",2020,maj
9,DOBRÁ VOĽBA,"2,0%","1,0% - 3,0%",2020,maj
10,MOST - HÍD,"1,5%","0,6% - 2,4%",2020,maj
11,SNS,"1,4%","0,5% - 2,3%",2020,maj
12,VLASŤ,"1,3%","0,4% - 2,2%",2020,maj
13,iná strana $^{4}$,"0,6%",-,2020,maj
0,SMER-SD (11),"37,3%","33,7%- 40,9%",2012,februar
1,KDH (2),"10,3%","8,0%-12,5%",2012,februar
2,Obyčajní ľudia a nezávislé osobnosti (5)* *,"8,9%","6,8%-11,0%",2012,februar
3,99% - občiansky hlas (17),"6,9%","5,0%-8,8%",2012,februar
4,SDKÚ-DS (22),"6,1%","4,4%-7,9%",2012,februar
5,MOST-HÍD (16),"6,0%","4,2%-7,7%",2012,februar
6,SaS (6),"5,9%","4,1%-7,6%",2012,februar
7,SNS (4),"4,2%","2,7%-5,6%",2012,februar
8,Strana slobodné slovo - Nory Mojsejovej (25),"3,5%","2,2%-4,9%",2012,februar
9,SMK (24),"2,4%","1,2%-3,5%",2012,februar
10,ĽS-HZDS (18),"1,8%",,2012,februar
11,ĽS Naše Slovensko (10),"1,2%",,2012,februar
12,KSS (14),"1,0%",,2012,februar
13,Národ a spravodlivosť - naša strana (13),"0,9%",,2012,februar
14,Zelení (1),"0,8%",,2012,februar
15,Zmena zdola-Demokratická únia Slovenska (12),"0,7%",,2012,februar
16,Strana občanov Slovenska (23),"0,6%",,2012,februar
17,Náš kraj (8),"0,5%",,2012,februar
18,Právo a spravodlivosť (7),"0,4%",,2012,februar
19,Strana rómskej únie na Slovensku (15),"0,2%",,2012,februar
20,SDĽ (3),"0,1%",,2012,februar
21,Robíme to pre deti - SF (20),"0,1%",,2012,februar
22,Strana zelených (9),"0,1%",,2012,februar
23,Obyčajní ľudia (21),"0,1%",,2012,februar
24,Strana živnostníkov Slovenska (26),"0,0%",,2012,februar
25,Strana + 1 hlas (19),"0,0%",,2012,februar
0,HLAS  -  SD,"20,5%","17,5%  -  23,4%",2022,maj
1,SMER  - $_{ SD}$,"14,4%","11,8% - 17,0%",2022,maj
2,$_{SaS}$,"9,6%","7,4% - 11,8%",2022,maj
3,$_{Progresívne Slovensko}$,"9,1%","6,9% - 11,2%",2022,maj
4,$_{SME RODINA}$,"7,6%","5,6% - 9,5%",2022,maj
5,OĽANO -NOVA- KÚ $_{-ZMENA ZDOLA}$,"7,1%","5,2% - 9,0%",2022,maj
6,REPUBLIKA,"6,8%","4,9% - 8,7%",2022,maj
7,KDH,"6,7%","4,8% - 8,6%",2022,maj
8,Aliancia  $_{- Szövetség}$,"4,1%","2,6% - 5,6%",2022,maj
9,$_{SNS}$,"4,0%","2,5% - 5,5%",2022,maj
10,Kotlebovci  $_{- ĽS Naše Slovensko}$,"3,3%","2,0% - 4,6%",2022,maj
11,$_{ZA ĽUDÍ}$,"2,1%","1,1% - 3,2%",2022,maj
12,Maďarské fórum / Magyar Fórum,"1,8%","0,8% - 2,8%",2022,maj
13,Dobrá voľba a Umiernení,"1,2%","0,4% - 2,0%",2022,maj
14,SPOLU -  občianska demokracia,"1,0%","0,3% - 1,7%",2022,maj
15,iná strana 3,"0,7%",-,2022,maj
0,SMER - SD,"19,6%","16,8% - 22,4%",2019,december
1,Kotlebovci - ĽS Naše Slovensko,"11,8%","9,6% - 14,1%",2019,december
2,Koalícia PS a SPOLU,"10,3%","8,2% - 12,4%",2019,december
3,ZA ĽUDÍ,"9,2%","7,2% - 11,2%",2019,december
4,OĽANO-NOVA-KÚ-ZMENA ZDOLA,"8,0%","6,1% - 9,9%",2019,december
5,SME RODINA,"7,0%","5,2% - 8,8%",2019,december
6,KDH,"5,7%","4,1% - 7,3%",2019,december
7,SaS,"5,7%","4,1% - 7,3%",2019,december
8,SNS,"5,4%","3,8% - 7,0%",2019,december
9,MOST - HÍD,"4,3%","2,9% - 5,7%",2019,december
10,Magyar Közösségi Összefogás - Maďarská,"4,3%","2,9% - 5,7%",2019,december
11,komunitná spolupatričnosť,,,2019,december
12,DOBRÁ VOĽBA,"3,8%","2,5% - 5,2%",2019,december
13,VLASŤ,"2,1%","1,1% - 3,1%",2019,december
14,MÁME TOHO DOSŤ !,"0,8%",,2019,december
15,Socialisti.sk,"0,8%",,2019,december
16,Hlas ľudu,"0,2%",,2019,december
17,Slovenská liga,"0,2%",,2019,december
18,Slovenské Hnutie Obrody,"0,2%",,2019,december
19,Demokratická strana,"0,2%",,2019,december
20,Hlas pravice,"0,1%",,2019,december
21,Slovenská ľudová strana Andreja Hlinku,"0,1%",,2019,december
22,99% - občiansky hlas,"0,1%",,2019,december
23,SOLIDARITA - Hnutie pracujúcej chudoby,"0,1%",,2019,december
24,Práca slovenského národa,"0,0%",,2019,december
25,STAROSTOVIA A NEZÁVISLÍ KANDIDÁTI,"0,0%",-,2019,december
0,SMER-SD,"37,8%","34,0% - 41,5%",2012,november
1,KDH,"10,9%","8,5% - 13,3%",2012,november
2,OĽaNO,"9,0%","6,8% - 11,2%",2012,november
3,SDKÚ-DS,"7,6%","5,6% - 9,6%",2012,november
4,SaS,"7,2%","5,2% - 9,2%",2012,november
5,MOST-HÍD,"5,4%","3,6% - 7,1%",2012,november
6,SMK,"5,0%","3,3% - 6,6%",2012,november
7,SNS,"4,6%","3,0% - 6,2%",2012,november
8,Nová väčšina,"2,7%",,2012,november
9,KSS,"2,3%",,2012,november
10,ĽS Naše Slovensko,"2,1%",,2012,november
11,ĽS-HZDS,"1,6%",,2012,november
12,99% - občiansky hlas,"1,3%",,2012,november
13,Zmena zdola-Demokratická únia Slovenska,"0,9%",,2012,november
14,Strana zelených,"0,8%",,2012,november
15,Národ a spravodlivosť - NS,"0,7%",,2012,november
16,iná strana,"0,1%",,2012,november
0,SMER-SD,"39,1%","35,5% - 42,6%",2015,oktober
1,SIEŤ,"12,6%","10,1% - 15,0%",2015,oktober
2,MOST-HÍD,"7,3%","5,4% - 9,2%",2015,oktober
3,KDH,"7,1%","5,2% - 9,0%",2015,oktober
4,"koalícia OĽaNO, NOVA","6,7%","4,9% - 8,5%",2015,oktober
5,SNS,"6,1%","4,4% - 7,9%",2015,oktober
6,SaS,"5,2%","3,5% - 6,8%",2015,oktober
7,SMK,"4,2%","2,7% - 5,6%",2015,oktober
8,SDKÚ-DS,"2,8%","1,6% - 4,0%",2015,oktober
9,TIP,"2,0%","0,9% - 3,0%",2015,oktober
10,Šanca,"2,0%","0,9% - 3,0%",2015,oktober
11,SKOK,"1,7%",-,2015,oktober
12,ĽS NS (Ľudová strana Naše Slovensko),"1,0%",-,2015,oktober
13,KSS,"0,8%",-,2015,oktober
14,Strana zelených,"0,6%",-,2015,oktober
15,Národná koalícia,"0,3%",-,2015,oktober
16,iná strana,"0,5%",-,2015,oktober
0,OĽANO-NOVA-KÚ-ZMENA ZDOLA,"21,2%","18,1% - 24,2%",2020,jun
1,SMER - SD,"19,0%","16,1% - 22,0%",2020,jun
2,SME RODINA $^{3}$,"12,8%","10,3% - 15,3%",2020,jun
3,Kotlebovci - ĽS Naše Slovensko,"9,6%","7,4% - 11,8%",2020,jun
4,SaS,"9,2%","7,0% - 11,4%",2020,jun
5,Progresívne Slovensko,"6,2%","4,4% - 8,1%",2020,jun
6,KDH,"4,6%","3,1% - 6,2%",2020,jun
7,SMK-MKP,"3,7%","2,3% - 5,1%",2020,jun
8,ZA ĽUDÍ,"3,6%","2,2% - 5,0%",2020,jun
9,DOBRÁ VOĽBA,"2,4%","1,2% - 3,5%",2020,jun
10,VLASŤ,"2,2%","1,1% - 3,3%",2020,jun
11,SNS,"2,1%","1,0% - 3,1%",2020,jun
12,MOST - HÍD,"1,5%","0,6% - 2,4%",2020,jun
13,iná strana $^{4}$,"1,9%",-,2020,jun
0,SMER-SD,"20,8%","17,9% - 23,7%",2019,august
1,koalícia strán Progresívne Slovensko a SPOLU-OD,"14,9%","12,3% - 17,4%",2019,august
2,Kotleba - Ľudová strana Naše Slovensko,"11,4%","9,1% - 13,7%",2019,august
3,SaS,"7,9%","6,0% - 9,9%",2019,august
4,KDH,"7,3%","5,4% - 9,2%",2019,august
5,SNS,"7,0%","5,2% - 8,8%",2019,august
6,SME RODINA - Boris Kollár,"6,6%","4,8% - 8,4%",2019,august
7,OĽANO,"6,1%","4,4% - 7,9%",2019,august
8,Za ľudí,"5,5%","3,8% - 7,1%",2019,august
9,MOST-HÍD,"4,3%","2,8% - 5,7%",2019,august
10,SMK - MKP,"3,5%","2,2% - 4,8%",2019,august
11,iná strana $^{3}$,"4,7%",-,2019,august
0,SMER-SD,"44,8%","41,1% - 48,5%",2011,marec
1,SDKÚ-DS,"16,5%","13,7% - 19,3%",2011,marec
2,MOST-HÍD,"7,9%","5,9% - 9,9%",2011,marec
3,SaS,"7,1%","5,2% - 9,0%",2011,marec
4,KDH,"6,3%","4,5% - 8,0%",2011,marec
5,SNS,"6,2%","4,4% - 8,0%",2011,marec
6,SMK,"4,3%","2,8% - 5,8%",2011,marec
7,ĽS-HZDS,"2,4%","1,3% - 3,6%",2011,marec
8,KSS,"1,9%","0,9% - 2,9%",2011,marec
9,Strana zelených,"0,7%",,2011,marec
10,ĽS Naše Slovensko,"0,7%",,2011,marec
11,SDĽ,"0,6%",,2011,marec
12,iná strana,"0,6%",,2011,marec
0,SMER-SD,"20,2%","17,1% - 23,3%",2018,marec
1,SaS,"14,0%","11,3% - 16,6%",2018,marec
2,OĽANO - NOVA,"10,4%","8,0% - 12,7%",2018,marec
3,SME RODINA - Boris Kollár,"10,4%","8,0% - 12,7%",2018,marec
4,Kotleba - Ľudová strana Naše Slovensko,"10,1%","7,8% - 12,4%",2018,marec
5,SNS,"10,0%","7,6% - 12,3%",2018,marec
6,KDH,"7,0%","5,0% - 9,0%",2018,marec
7,MOST-HÍD,"5,6%","3,9% - 7,4%",2018,marec
8,SMK - MKP,"4,1%","2,5% - 5,6%",2018,marec
9,KSS,"1,5%",-,2018,marec
10,Progresívne Slovensko,"1,4%",-,2018,marec
11,SPOLU - Občianska demokracia,"1,1%",-,2018,marec
12,SZS,"0,8%",-,2018,marec
13,SMS,"0,6%",-,2018,marec
14,VZDOR,"0,6%",-,2018,marec
15,SDKÚ-DS,"0,5%",-,2018,marec
16,ŠANCA,"0,4%",-,2018,marec
17,SIEŤ,"0,3%",-,2018,marec
18,Priama demokracia,"0,3%",-,2018,marec
19,MKDA-MKDSZ,"0,3%",-,2018,marec
20,DS,"0,3%",-,2018,marec
21,SKOK - ELD,"0,1%",-,2018,marec
22,iná strana,"0,0%",-,2018,marec
0,SMER-SD,"21,2%","18,4% - 24,0%",2019,februar
1,Kotleba - Ľudová strana Naše Slovensko,"11,7%","9,5% - 13,9%",2019,februar
2,SaS,"11,2%","9,0% - 13,4%",2019,februar
3,koalícia strán Progresívne Slovensko a SPOLU - OD,"9,5%","7,4% - 11,5%",2019,februar
4,SME RODINA - Boris Kollár,"9,5%","7,4% - 11,5%",2019,februar
5,OĽANO - NOVA,"8,4%","6,4% - 10,3%",2019,februar
6,SNS,"7,5%","5,7% - 9,3%",2019,februar
7,KDH,"6,5%","4,8% - 8,2%",2019,februar
8,MOST-HÍD,"5,4%","3,8% - 6,9%",2019,februar
9,SMK - MKP,"3,1%","1,9% - 4,3%",2019,februar
10,SZS,"1,6%",-,2019,februar
11,KSS,"1,3%",-,2019,februar
12,ŠANCA,"0,7%",-,2019,februar
13,Priama demokracia,"0,6%",-,2019,februar
14,SKOK - ELD,"0,4%",-,2019,februar
15,SDKÚ-DS,"0,2%",-,2019,februar
16,SMS,"0,2%",-,2019,februar
17,SKS,"0,2%",-,2019,februar
18,VZDOR,"0,2%",-,2019,februar
19,DS,"0,1%",-,2019,februar
20,MKDA-MKDSZ,"0,1%",-,2019,februar
21,iná strana,"0,4%",-,2019,februar
22,Progresívne Slovensko,-,-,2019,februar
23,SPOLU - Občianska demokracia,-,-,2019,februar
0,HLAS  -  SD,"22,4%","19,2%  -  25,6%",2021,maj
1,$_{SaS}$,"12,3%","9,8% - 14,9%",2021,maj
2,SMER  - $_{ SD}$,"11,8%","9,3% - 14,3%",2021,maj
3,OĽANO -NOVA- KÚ $_{-ZMENA ZDOLA}$,"8,8%","6,6% - 11,0%",2021,maj
4,$_{SME RODINA}$,"7,2%","5,2% - 9,2%",2021,maj
5,$_{Progresívne Slovensko}$,"6,1%","4,2% - 7,9%",2021,maj
6,$_{KDH}$,"5,7%","3,9% - 7,5%",2021,maj
7,Kotlebovci  - ĽS Naše Sl $_{ovensko}$,"4,9%","3,2% - 6,5%",2021,maj
8,Aliancia  - Szövetség $^{3}$,"4,8%","3,1% - 6,4%",2021,maj
9,REPUBLIKA,"4,5%","2,9% - 6,1%",2021,maj
10,$_{ZA ĽUDÍ}$,"3,5%","2,1% - 4,9%",2021,maj
11,$_{SNS}$,"3,4%","2,0% - 4,8%",2021,maj
12,DOBRÁ VOĽBA,"1,4%","0,5% - 2,3%",2021,maj
13,SPOLU -  občianska  demokracia,"1,3%","0,4% - 2,2%",2021,maj
14,iná strana 4,"1,9%",-,2021,maj
0,SMER-SD,"24,8%","21,6% - 28,0%",2017,november
1,SaS,"14,2%","11,4% - 16,5%",2017,november
2,OĽANO - NOVA,"12,5%","10,0% - 14,9%",2017,november
3,SME RODINA - Boris Kollár,"8,5%","6,5% - 10,6%",2017,november
4,Kotleba - Ľudová strana Naše Slovensko,"8,4%","6,4% - 10,5%",2017,november
5,SNS,"8,0%","6,1% - 10,1%",2017,november
6,KDH,"7,2%","5,4% - 9,3%",2017,november
7,MOST-HÍD,"5,6%","3,9% - 7,3%",2017,november
8,SMK - MKP,"3,6%","2,2% - 5,0%",2017,november
9,KSS,"1,5%",-,2017,november
10,SZS,"1,0%",-,2017,november
11,SIEŤ,"0,9%",-,2017,november
12,ŠANCA,"0,8%",-,2017,november
13,SDKÚ-DS,"0,6%",-,2017,november
14,SKOK - ELD,"0,6%",-,2017,november
15,SMS,"0,3%",-,2017,november
16,MKDA-MKDSZ,"0,3%",-,2017,november
17,Priama demokracia,"0,3%",-,2017,november
18,VZDOR,"0,2%",-,2017,november
19,DS,"0,1%",-,2017,november
20,iná strana,"0,6%",-,2017,november
0,SMER-SD,"19,7%","16,9% - 22,5%",2019,maj
1,koalícia strán Progresívne Slovensko a SPOLU-OD,"17,8%","15,1% - 20,4%",2019,maj
2,Kotleba - Ľudová strana Naše Slovensko,"12,5%","10,2% - 14,8%",2019,maj
3,SaS,"8,0%","6,1% - 9,9%",2019,maj
4,KDH,"7,5%","5,6% - 9,3%",2019,maj
5,SME RODINA - Boris Kollár,"7,3%","5,5% - 9,2%",2019,maj
6,SNS,"7,2%","5,6% - 9,4%",2019,maj
7,OĽANO,"6,7%","4,9% - 8,4%",2019,maj
8,MOST-HÍD,"4,4%","2,9% - 5,8%",2019,maj
9,SMK - MKP,"3,7%","2,4% - 5,1%",2019,maj
10,Kresťanská únia,"1,4%",-,2019,maj
11,SZS,"1,3%",-,2019,maj
12,KSS,"0,4%",-,2019,maj
13,SDKÚ-DS,"0,4%",-,2019,maj
14,Priama demokracia,"0,4%",-,2019,maj
15,KDŽP,"0,3%",-,2019,maj
16,Maďarské fórum - Magyar Fórum,"0,1%",-,2019,maj
17,Národná koalícia,"0,1%",-,2019,maj
18,ŠANCA,"0,1%",-,2019,maj
19,VZDOR,"0,1%",-,2019,maj
20,SMS,"0,1%",-,2019,maj
21,MKDA-MKDSZ,"0,1%",-,2019,maj
22,Demokrati Slovenska,"0,1%",-,2019,maj
23,SKS,"0,0%",-,2019,maj
24,SKOK - ELD,"0,0%",-,2019,maj
25,iná strana,"0,3%",-,2019,maj
0,SMER-SD,"21,7%","18,7% - 24,8%",2018,jun
1,SaS,"12,4%","9,9% - 14,8%",2018,jun
2,OĽANO - NOVA,"10,0%","7,8% - 12,2%",2018,jun
3,SNS,"9,8%","7,6% - 12,0%",2018,jun
4,Kotleba - Ľudová strana Naše Slovensko,"9,7%","7,5% - 11,9%",2018,jun
5,SME RODINA - Boris Kollár,"8,1%","6,1% - 10,1%",2018,jun
6,KDH,"6,7%","4,9% - 8,6%",2018,jun
7,MOST-HÍD,"5,6%","3,9% - 7,4%",2018,jun
8,SMK - MKP,"4,0%","2,6% - 5,5%",2018,jun
9,Progresívne Slovensko,"3,9%","2,5% - 5,3%",2018,jun
10,SPOLU - Občianska demokracia,"2,9%","1,7% - 4,2%",2018,jun
11,KSS,"1,6%",-,2018,jun
12,SZS,"1,3%",-,2018,jun
13,SDKÚ-DS,"0,5%",-,2018,jun
14,SMS,"0,4%",-,2018,jun
15,ŠANCA,"0,3%",-,2018,jun
16,SIEŤ,"0,3%",-,2018,jun
17,Priama demokracia,"0,3%",-,2018,jun
18,MKDA-MKDSZ,"0,2%",-,2018,jun
19,VZDOR,"0,1%",-,2018,jun
20,SKOK - ELD,"0,1%",-,2018,jun
21,DS,"0,0%",-,2018,jun
22,iná strana,"0,0%",-,2018,jun
0,HLAS  -  SD,"19,3%","16,4%  -  22,3%",2021,oktober
1,SMER  - $_{ SD}$,"15,5%","12,8% - 18,2%",2021,oktober
2,$_{SaS}$,"12,2%","9,7% - 14,6%",2021,oktober
3,OĽANO -NOVA- KÚ $_{-ZMENA ZDOLA}$,"8,4%","6,3% - 10,4%",2021,oktober
4,$_{Progresívne Slovensko}$,"6,9%","5,0% - 8,8%",2021,oktober
5,$_{SME RODINA}$,"6,3%","4,5% - 8,1%",2021,oktober
6,KDH,"6,1%","4,3% - 7,9%",2021,oktober
7,REPUBLIKA,"5,5%","3,8% - 7,3%",2021,oktober
8,Aliancia  $_{- Szövetség}$,"5,2%","3,5% - 6,9%",2021,oktober
9,Kotlebovci  - ĽS Naše Sl $_{ovensko}$,"3,8%","2,4% - 5,3%",2021,oktober
10,$_{SNS}$,"3,3%","2,0% - 4,7%",2021,oktober
11,$_{ZA ĽUDÍ}$,"2,8%","1,6% - 4,1%",2021,oktober
12,DOBRÁ VOĽBA,"2,2%","1,1% - 3,3%",2021,oktober
13,SPOLU -  občianska  demokracia,"1,1%","0,3% - 1,8%",2021,oktober
14,iná strana 3,"1,4%",-,2021,oktober
0,SMER-SD,"38,4%","34,8% - 41,9%",2010,marec
1,SDKÚ-DS,"14,3%","11,8% - 16,9%",2010,marec
2,KDH,"9,7%","7,5% - 11,9%",2010,marec
3,SaS,"8,6%","6,5% - 10,6%",2010,marec
4,MOST-HÍD,"6,9%","5,0% - 8,7%",2010,marec
5,SNS,"6,3%","4,5% - 8,0%",2010,marec
6,ĽS-HZDS,"5,4%","3,8% - 7,1%",2010,marec
7,SMK,"5,2%","3,6% - 6,8%",2010,marec
8,KSS,"1,4%","0,6% - 2,3%",2010,marec
9,SDĽ,"1,1%","0,3% - 1,8%",2010,marec
10,iná $^{1}$,"2,7%",,2010,marec
0,SMER-SD,"46,3%","42,7%- 50,0%",2012,maj
1,KDH,"10,7%","8,4%-13,0%",2012,maj
2,SDKÚ-DS,"6,9%","5,0%-8,7%",2012,maj
3,SaS,"6,5%","4,7%-8,3%",2012,maj
4,MOST-HÍD,"6,3%","4,5%-8,1%",2012,maj
5,OĽaNO,"6,0%","4,3%-7,8%",2012,maj
6,SMK,"4,7%","3,1%-6,2%",2012,maj
7,SNS,"3,3%","2,0%-4,7%",2012,maj
8,ĽS Naše Slovensko,"1,7%",,2012,maj
9,Národ a spravodlivosť - NS,"1,4%",,2012,maj
10,99% - občiansky hlas,"1,3%",,2012,maj
11,KSS,"1,1%",,2012,maj
12,Zmena zdola-Demokratická únia Slovenska,"1,1%",,2012,maj
13,SSS - Nory Mojsejovej,"0,9%",,2012,maj
14,ĽS-HZDS,"0,9%",,2012,maj
15,Strana zelených,"0,8%",,2012,maj
16,iná strana,-,,2012,maj
0,SMER  - $_{ SD}$,"21,6%","18,6% - 24,6%",2024,marec
1,$_{Progresívne Slovensko}$,"20,1%","17,2% - 23,0%",2024,marec
2,HLAS  -  SD,"17,9%","15,1%  -  20,7%",2024,marec
3,"$_{Koalícia Slovensko, KÚ a ZĽ}$","6,4%","4,6% - 8,2%",2024,marec
4,KDH,"6,3%","4,5% - 8,1%",2024,marec
5,$_{SaS}$,"5,4%","3,8% - 7,0%",2024,marec
6,$_{SNS}$,"5,1%","3,5% - 6,7%",2024,marec
7,Aliancia  $_{- Szövetség}$,"5,0%","3,4% - 6,6%",2024,marec
8,REPUBLIKA,"4,6%","3,1% - 6,1%",2024,marec
9,Demokrati,"3,7%","2,3% - 5,1%",2024,marec
10,Kotlebovci  $_{- ĽS Naše Slovensko}$,"1,9%","0,9% - 2,9%",2024,marec
11,$_{SME RODINA}$,"1,8%","0,8% - 2,8%",2024,marec
12,$_{iná strana}$,"0,2%",-,2024,marec
0,SMER-SD,"38,6%","34,9% - 42,3%",2010,februar
1,SDKÚ-DS,"11,3%","8,9% - 13,7%",2010,februar
2,KDH,"9,6%","7,3% - 11,8%",2010,februar
3,SaS,"9,6%","7,3% - 11,8%",2010,februar
4,SNS,"6,2%","4,4% - 8,1%",2010,februar
5,ĽS-HZDS,"5,8%","4,0% - 7,5%",2010,februar
6,MOST-HÍD,"5,6%","3,9% - 7,4%",2010,februar
7,SMK,"5,1%","3,4% - 6,8%",2010,februar
8,KSS,"2,9%","1,6% - 4,2%",2010,februar
9,Slobodné fórum,"1,2%","0,4% - 2,1%",2010,februar
10,HZD,"1,0%","0,3% - 1,8%",2010,februar
11,SZ,"1,0%","0,3% - 1,8%",2010,februar
12,SDĽ,"0,7%",,2010,februar
13,KDS,"0,7%",,2010,februar
14,OKS,"0,2%",,2010,februar
15,LIGA,"0,2%",,2010,februar
16,DS,"0,1%",,2010,februar
17,iná,"0,2%",,2010,februar
0,SMER-SD,"34,6%","31,2% - 37,9%",2016,februar
1,SIEŤ,"14,0%","11,6% - 16,5%",2016,februar
2,SNS,"8,7%","6,7% - 10,7%",2016,februar
3,MOST-HÍD,"8,2%","6,2% - 10,1%",2016,februar
4,KDH,"7,0%","5,2% - 8,8%",2016,februar
5,OĽANO - NOVA,"6,1%","4,4% - 7,8%",2016,februar
6,SaS,"5,5%","3,9% - 7,1%",2016,februar
7,SME RODINA - Boris Kollár,"4,2%","2,7% - 5,6%",2016,februar
8,SMK - MKP,"3,5%","2,2% - 4,8%",2016,februar
9,Kotleba - Ľudová strana Naše Slovensko,"2,1%","1,1% - 3,1%",2016,februar
10,ŠANCA,"1,6%","0,7% - 2,4%",2016,februar
11,SDKÚ-DS,"1,0%","0,3% - 1,8%",2016,februar
12,SKOK,"1,0%","0,3% - 1,8%",2016,februar
13,TIP,"0,9%",-,2016,februar
14,KSS,"0,7%",-,2016,februar
15,SZS,"0,4%",-,2016,februar
16,Priama demokracia,"0,1%",-,2016,februar
17,DS - Ľudo Kaník,"0,1%",-,2016,februar
18,MKDA-MKD SZ,"0,1%",-,2016,februar
19,SMS,"0,1%",-,2016,februar
20,VZDOR,"0,1%",-,2016,februar
21,Koalícia spoločne za Slovensko,"0,0%",-,2016,februar
22,Odvaha - Veľká národná a proruská koalícia,"0,0%",-,2016,februar
0,SMER-SD,"22,4%","19,2% - 25,5%",2015,marec
1,Kotleba - Ľudová strana Naše Slovensko,"11,8%","9,4% - 14,2%",2015,marec
2,SaS,"11,4%","9,0% - 13,8%",2015,marec
3,koalícia strán Progresívne Slovensko a SPOLU - OD,"9,1%","6,9% - 11,2%",2015,marec
4,SME RODINA - Boris Kollár,"9,0%","6,8% - 11,1%",2015,marec
5,OĽANO - NOVA,"8,3%","6,3% - 10,4%",2015,marec
6,SNS,"7,9%","5,9% - 9,9%",2015,marec
7,KDH,"7,5%","5,6% - 9,5%",2015,marec
8,MOST-HÍD,"4,5%","2,9% - 6,0%",2015,marec
9,SMK - MKP,"3,0%","1,8% - 4,3%",2015,marec
10,KSS,"1,2%",-,2015,marec
11,SZS,"1,0%",-,2015,marec
12,Priama demokracia,"0,8%",-,2015,marec
13,SDKÚ-DS,"0,4%",-,2015,marec
14,VZDOR,"0,3%",-,2015,marec
15,DS,"0,3%",-,2015,marec
16,ŠANCA,"0,2%",-,2015,marec
17,SKOK - ELD,"0,2%",-,2015,marec
18,SMS,"0,2%",-,2015,marec
19,SKS,"0,2%",-,2015,marec
20,MKDA-MKDSZ,"0,0%",-,2015,marec
21,iná strana,"0,3%",-,2015,marec
0,OĽANO-NOVA-KÚ-ZMENA ZDOLA,"24,4%","21,3% - 27,5%",2020,marec
1,SMER - SD,"21,8%","18,8% - 24,8%",2020,marec
2,SME RODINA,"11,5%","9,1% - 13,8%",2020,marec
3,Kotlebovci - ĽS Naše Slovensko,"9,2%","7,1% - 11,3%",2020,marec
4,Progresívne Slovensko/SPOLU,"7,6%","5,7% - 9,5%",2020,marec
5,SaS,"6,8%","5,0% - 8,6%",2020,marec
6,KDH,"4,5%","3,0% - 6,0%",2020,marec
7,ZA ĽUDÍ,"3,2%","1,9% - 4,5%",2020,marec
8,SMK-MKP $^{3}$,"2,8%","1,6% - 4,0%",2020,marec
9,VLASŤ,"2,3%","1,2% - 3,4%",2020,marec
10,MOST - HÍD,"1,8%","0,8% - 2,7%",2020,marec
11,SNS,"1,6%","0,7% - 2,5%",2020,marec
12,DOBRÁ VOĽBA,"1,1%","0,3% - 1,8%",2020,marec
13,iná strana 4,"1,4%",-,2020,marec
0,SMER-SD,"45,2%","41,5%- 49,0%",2011,oktober
1,SDKÚ-DS,"11,3%","8,9%-13,6%",2011,oktober
2,KDH,"9,9%","7,6%-12,1%",2011,oktober
3,SaS,"7,5%","5,5%-9,5%",2011,oktober
4,MOST-HÍD,"7,0%","5,1%-9,0%",2011,oktober
5,SNS,"5,4%","3,7%-7,1%",2011,oktober
6,SMK,"3,6%","2,2%-5,0%",2011,oktober
7,Obyčajní ľudia,"2,9%","1,6%-4,2%",2011,oktober
8,ĽS-HZDS,"2,5%","1,3%-3,7%",2011,oktober
9,KSS,"1,1%","0,3%-1,9%",2011,oktober
10,SDĽ,"0,8%",-,2011,oktober
11,Strana zelených,"0,8%",-,2011,oktober
12,Národ a Spravodlivosť,"0,6%",-,2011,oktober
13,OKS,"0,4%",-,2011,oktober
14,ĽS Naše Slovensko,"0,3%",-,2011,oktober
15,iná strana,"0,7%",-,2011,oktober
0,SMER-SD,"29,5%","26,2% - 32,8%",2010,jun
1,SaS,"12,4%","10,0% - 14,8%",2010,jun
2,SDKÚ-DS,"12,1%","9,8% - 14,5%",2010,jun
3,KDH,"9,2%","7,1% - 11,3%",2010,jun
4,SNS,"7,7%","5,8% - 9,6%",2010,jun
5,MOST-HÍD,"6,5%","4,7% - 8,3%",2010,jun
6,SMK,"5,2%","3,6% - 6,7%",2010,jun
7,ĽS-HZDS,"5,0%","3,4% - 6,5%",2010,jun
8,SDĽ,"4,6%","3,1% - 6,1%",2010,jun
9,KSS,"2,3%",,2010,jun
10,Únia - Strana pre  Slovensko,"1,5%",,2010,jun
11,Paliho Kapurková,"1,2%",,2010,jun
12,ND (Nová demokracia),"1,0%",,2010,jun
13,Ľudová strana Naše  Slovensko,"0,9%",,2010,jun
14,ZRS (Združenie robotníkov Slovenska),"0,5%",,2010,jun
15,AZEN (Aliancia za Európu národov),,,2010,jun
16,,"0,3%",,2010,jun
17,EDS (Európska demokratická strana),"0,1%",,2010,jun
18,SRK (Strana rómskej koalície),-  $^{1}$,,2010,jun
0,SMER-SD,"35,3%","31,7% - 38,9%",2015,jun
1,SIEŤ,"10,9%","8,6% - 13,3%",2015,jun
2,KDH,"9,5%","7,2% - 11,7%",2015,jun
3,MOST-HÍD,"7,8%","5,8% - 9,9%",2015,jun
4,OĽaNO,"7,7%","5,7% - 9,7%",2015,jun
5,SNS,"6,4%","4,5% - 8,2%",2015,jun
6,SaS,"4,6%","3,0% - 6,2%",2015,jun
7,SMK,"4,3%","2,8% - 5,8%",2015,jun
8,TIP,"2,7%",-,2015,jun
9,NOVA,"2,5%",-,2015,jun
10,SDKÚ-DS,"2,4%",-,2015,jun
11,ĽS NS,"1,2%",-,2015,jun
12,SKOK,"1,0%",-,2015,jun
13,KSS,"1,0%",-,2015,jun
14,Šanca,"0,7%",-,2015,jun
15,Strana zelených,"0,7%",-,2015,jun
16,Národ a Spravodlivosť,"0,6%",,2015,jun
17,iná strana,"0,7%",-,2015,jun
0,HLAS - SD,"19,1%","16,2%  -  22,0%",2020,november
1,OĽANO -NOVA- KÚ $_{-ZMENA ZDOLA}$,"14,0%","11,4% - 16,6%",2020,november
2,$_{SaS}$,"12,1%","9,7% - 14,5%",2020,november
3,Kotlebovci  $_{- ĽS Naše Slovensko}$,"9,6%","7,4% - 11,8%",2020,november
4,$_{SMER - SD}$,"9,5%","7,3% - 11,7%",2020,november
5,$_{SME RODINA}$,"6,1%","4,3% - 7,9%",2020,november
6,$_{Progresívne Slovensko}$,"5,9%","4,2% - 7,7%",2020,november
7,$_{KDH}$,"5,1%","3,4% - 6,7%",2020,november
8,$_{ZA ĽUDÍ}$,"4,1%","2,6% - 5,6%",2020,november
9,$_{SMK-MKP}$,"3,3%","2,0% - 4,6%",2020,november
10,DOBRÁ VOĽBA,"2,8%","1,6% - 4,1%",2020,november
11,$_{VLASŤ}$,"2,4%","1,3% - 3,5%",2020,november
12,$_{SNS}$,"2,2%","1,1% - 3,3%",2020,november
13,MOST -  $_{HÍD}$,"2,1%","1,0% - 3,2%",2020,november
14,SPOLU občianska demokracia,"1,0%","0,3% - 1,8%",2020,november
15,iná strana 3,"0,7%",-,2020,november
